pokemon_id,move_id
3,15
3,22
3,33
3,34
3,36
3,38
3,63
3,72
3,75
3,76
3,99
6,5
6,10
6,15
6,25
6,34
6,36
6,38
6,52
6,53
6,63
6,66
6,70
6,83
6,89
6,91
6,99
6,126
6,129
6,130
6,163
9,5
9,25
9,33
9,34
9,36
9,38
9,44
9,55
9,56
9,57
9,58
9,59
9,61
9,63
9,66
9,70
9,89
9,91
9,99
9,130
9,145
18,13
18,16
18,17
18,19
18,36
18,38
18,63
18,98
18,99
18,129
18,143
26,5
26,6
26,9
26,25
26,34
26,36
26,38
26,57
26,63
26,66
26,84
26,85
26,87
26,98
26,99
26,129
26,130
26,263
26,521
26,527
26,528
26,574
26,583
26,609
26,851
26,885
31,5
31,6
31,10
31,24
31,25
31,33
31,34
31,36
31,38
31,40
31,44
31,55
31,57
31,58
31,59
31,61
31,63
31,66
31,70
31,85
31,87
31,89
31,99
31,126
31,130
31,154
31,157
34,5
34,6
34,24
34,25
34,30
34,31
34,33
34,34
34,36
34,37
34,38
34,40
34,55
34,57
34,58
34,59
34,61
34,63
34,66
34,70
34,85
34,87
34,89
34,99
34,126
34,130
34,157
36,1
36,3
36,5
36,25
36,34
36,36
36,38
36,53
36,55
36,58
36,59
36,60
36,61
36,63
36,66
36,70
36,76
36,85
36,87
36,91
36,94
36,99
36,126
36,129
36,130
36,161
36,196
36,247
36,253
36,263
36,304
36,345
36,352
36,428
36,473
36,500
36,574
36,577
36,583
36,605
36,851
36,886
36,914
38,34
38,36
38,38
38,52
38,53
38,63
38,83
38,91
38,98
38,99
38,126
38,129
38,130
45,15
45,34
45,36
45,38
45,51
45,63
45,71
45,72
45,76
45,80
45,99
55,5
55,6
55,10
55,25
55,34
55,36
55,38
55,55
55,56
55,57
55,58
55,59
55,61
55,63
55,66
55,70
55,91
55,93
55,99
55,129
55,130
55,154
59,34
59,36
59,38
59,44
59,52
59,53
59,63
59,91
59,99
59,126
59,129
59,130
62,3
62,5
62,25
62,34
62,36
62,38
62,55
62,56
62,57
62,58
62,59
62,61
62,63
62,66
62,70
62,89
62,94
62,99
62,130
62,145
65,5
65,25
65,34
65,36
65,38
65,60
65,63
65,66
65,91
65,93
65,94
65,99
65,130
65,161
68,2
68,5
68,25
68,34
68,36
68,38
68,63
68,66
68,70
68,89
68,91
68,99
68,126
68,130
68,157
71,15
71,21
71,22
71,34
71,35
71,36
71,38
71,51
71,63
71,72
71,75
71,76
71,99
73,15
73,35
73,36
73,38
73,40
73,51
73,55
73,56
73,57
73,58
73,59
73,61
73,63
73,72
73,99
73,130
73,132
76,5
76,25
76,33
76,34
76,36
76,38
76,63
76,66
76,70
76,88
76,89
76,91
76,99
76,120
76,126
76,153
76,157
78,23
78,34
78,36
78,38
78,52
78,63
78,83
78,99
78,126
78,129
78,130
80,5
80,6
80,25
80,29
80,34
80,36
80,38
80,55
80,57
80,58
80,59
80,61
80,63
80,66
80,70
80,89
80,91
80,93
80,94
80,99
80,126
80,129
80,130
80,161
87,6
87,29
87,34
87,36
87,38
87,55
87,57
87,58
87,59
87,61
87,62
87,63
87,70
87,99
87,130
89,1
89,34
89,63
89,72
89,85
89,87
89,99
89,120
89,124
89,126
89,153
91,33
91,36
91,38
91,55
91,57
91,58
91,59
91,61
91,62
91,63
91,99
91,120
91,128
91,129
91,131
91,153
91,161
94,5
94,25
94,34
94,36
94,38
94,63
94,66
94,70
94,72
94,85
94,87
94,94
94,99
94,120
94,122
94,130
94,138
94,153
97,1
97,5
97,25
97,29
97,34
97,36
97,38
97,63
97,66
97,93
97,94
97,99
97,130
97,138
97,161
99,11
99,15
99,23
99,34
99,36
99,38
99,55
99,57
99,58
99,59
99,61
99,63
99,70
99,99
99,145
99,152
101,33
101,36
101,63
101,85
101,87
101,99
101,120
101,129
101,130
101,153
103,23
103,36
103,38
103,63
103,70
103,72
103,76
103,94
103,99
103,120
103,121
103,140
103,153
110,33
110,63
110,85
110,87
110,99
110,120
110,123
110,124
110,126
110,153
112,5
112,6
112,23
112,25
112,30
112,31
112,34
112,36
112,38
112,55
112,57
112,58
112,59
112,61
112,63
112,66
112,70
112,85
112,87
112,89
112,91
112,99
112,126
112,130
112,157
115,4
115,5
115,25
115,34
115,36
115,38
115,44
115,55
115,57
115,58
115,59
115,61
115,63
115,66
115,70
115,85
115,87
115,89
115,99
115,126
115,130
115,146
115,157
121,33
121,36
121,38
121,55
121,56
121,57
121,58
121,59
121,61
121,63
121,85
121,87
121,94
121,99
121,129
121,130
121,161
123,15
123,36
123,38
123,63
123,98
123,99
123,129
123,130
123,163
125,5
125,7
125,8
125,9
125,25
125,34
125,36
125,38
125,63
125,66
125,70
125,84
125,85
125,87
125,94
125,98
125,99
125,129
125,130
125,168
125,253
125,263
125,264
125,280
125,282
125,351
125,411
125,435
125,451
125,521
125,527
125,528
125,851
125,885
125,916
126,5
126,7
126,9
126,25
126,34
126,36
126,38
126,52
126,53
126,63
126,66
126,70
126,83
126,94
126,99
126,123
126,126
126,130
126,168
126,172
126,257
126,263
126,264
126,280
126,315
126,394
126,398
126,436
126,488
126,491
126,499
126,807
126,851
126,915
127,11
127,15
127,34
127,36
127,38
127,63
127,66
127,70
127,99
127,163
128,23
128,33
128,34
128,36
128,38
128,58
128,59
128,63
128,70
128,85
128,87
128,89
128,99
128,126
128,130
130,33
130,34
130,36
130,38
130,44
130,55
130,56
130,57
130,58
130,59
130,61
130,63
130,70
130,85
130,87
130,99
130,126
130,130
131,34
131,36
131,38
131,55
131,56
131,57
131,58
131,59
131,61
131,63
131,70
131,76
131,85
131,87
131,94
131,99
131,130
134,33
134,34
134,36
134,38
134,44
134,55
134,56
134,57
134,58
134,59
134,61
134,63
134,98
134,99
134,129
134,130
135,24
135,33
135,34
135,36
135,38
135,42
135,44
135,63
135,84
135,85
135,87
135,98
135,99
135,129
135,130
136,33
136,34
136,36
136,38
136,44
136,52
136,53
136,63
136,83
136,98
136,99
136,126
136,129
136,130
139,30
139,34
139,36
139,38
139,55
139,56
139,57
139,58
139,59
139,61
139,63
139,66
139,99
139,130
139,131
141,10
141,13
141,25
141,34
141,36
141,38
141,55
141,56
141,57
141,58
141,59
141,61
141,63
141,66
141,71
141,99
141,130
141,163
142,13
142,17
142,19
142,36
142,38
142,44
142,63
142,99
142,126
142,129
142,143
143,5
143,6
143,7
143,8
143,9
143,25
143,29
143,33
143,34
143,36
143,38
143,44
143,53
143,55
143,57
143,58
143,59
143,61
143,63
143,66
143,70
143,76
143,85
143,87
143,89
143,91
143,94
143,99
143,120
143,122
143,126
143,130
143,157
143,189
143,196
143,242
143,247
143,253
143,263
143,264
143,280
143,304
143,317
143,343
143,387
143,402
143,416
143,428
143,441
143,523
143,707
143,851
143,885
143,886
144,13
144,19
144,36
144,38
144,55
144,58
144,59
144,61
144,63
144,64
144,99
144,129
144,143
145,13
145,19
145,36
145,38
145,63
145,65
145,84
145,85
145,87
145,99
145,129
145,143
146,13
146,19
146,36
146,38
146,63
146,64
146,83
146,99
146,126
146,129
146,143
149,13
149,21
149,34
149,35
149,36
149,38
149,55
149,57
149,58
149,59
149,61
149,63
149,70
149,85
149,87
149,99
149,126
149,129
149,130
150,5
150,6
150,25
150,34
150,36
150,38
150,55
150,58
150,59
150,61
150,63
150,66
150,70
150,76
150,85
150,87
150,93
150,94
150,99
150,120
150,126
150,129
150,130
150,161
151,1
151,5
151,6
151,13
151,15
151,19
151,25
151,34
151,36
151,38
151,55
151,57
151,58
151,59
151,61
151,63
151,66
151,70
151,72
151,76
151,85
151,87
151,89
151,91
151,94
151,99
151,120
151,121
151,126
151,129
151,130
151,138
151,143
151,153
151,157
151,161
154,33
154,34
154,36
154,38
154,63
154,75
154,76
154,80
154,89
154,189
154,200
154,202
154,263
154,282
154,311
154,331
154,338
154,345
154,402
154,412
154,416
154,428
154,437
154,520
154,523
154,525
154,572
154,669
154,707
154,776
154,803
154,851
154,885
157,7
157,9
157,33
157,34
157,36
157,38
157,52
157,53
157,63
157,76
157,83
157,89
157,91
157,98
157,126
157,129
157,157
157,172
157,205
157,247
157,257
157,263
157,264
157,280
157,284
157,307
157,315
157,317
157,332
157,394
157,411
157,416
157,421
157,424
157,428
157,436
157,442
157,488
157,506
157,517
157,519
157,523
157,528
157,583
157,675
157,707
157,807
157,809
157,815
157,851
157,915
160,8
160,10
160,34
160,36
160,37
160,38
160,44
160,55
160,56
160,57
160,58
160,59
160,63
160,89
160,91
160,127
160,157
160,163
160,168
160,189
160,196
160,200
160,232
160,242
160,250
160,253
160,263
160,264
160,276
160,280
160,308
160,317
160,330
160,332
160,337
160,352
160,401
160,411
160,416
160,419
160,421
160,423
160,518
160,523
160,525
160,555
160,706
160,707
160,710
160,784
160,799
160,808
160,812
160,851
160,885
160,886
169,13
169,16
169,17
169,36
169,38
169,44
169,63
169,72
169,99
169,129
169,141
169,314
169,403
169,440
181,7
181,8
181,9
181,33
181,34
181,36
181,38
181,63
181,84
181,85
181,87
181,91
181,129
181,192
181,200
181,263
181,264
181,280
181,406
181,408
181,411
181,416
181,435
181,451
181,521
181,523
181,525
181,527
181,528
181,605
181,707
181,784
181,800
181,851
181,885
181,916
182,15
182,36
182,38
182,51
182,63
182,71
182,72
182,76
182,80
182,99
182,188
182,202
182,253
182,263
182,311
182,331
182,345
182,402
182,409
182,412
182,416
182,437
182,474
182,491
182,572
182,583
182,585
182,605
182,669
182,676
182,803
182,813
182,851
182,885
186,1
186,3
186,5
186,8
186,25
186,34
186,36
186,38
186,55
186,56
186,57
186,58
186,59
186,61
186,63
186,66
186,70
186,89
186,91
186,94
186,99
186,127
186,129
186,130
186,145
186,168
186,189
186,196
186,250
186,263
186,264
186,280
186,304
186,311
186,330
186,340
186,341
186,352
186,411
186,414
186,416
186,490
186,523
186,710
186,851
186,886
196,33
196,34
196,36
196,38
196,44
196,60
196,63
196,91
196,93
196,94
196,98
196,99
196,129
196,130
196,189
196,247
196,248
196,263
196,304
196,311
196,343
196,345
196,387
196,408
196,416
196,428
196,473
196,500
196,577
196,605
196,706
196,797
196,851
196,885
196,914
196,917
197,33
197,34
197,36
197,38
197,44
197,63
197,91
197,94
197,98
197,99
197,129
197,130
197,168
197,242
197,247
197,263
197,304
197,311
197,343
197,372
197,387
197,399
197,416
197,492
197,500
197,555
197,675
197,808
197,851
197,885
197,914
199,6
199,7
199,8
199,9
199,29
199,33
199,34
199,36
199,38
199,53
199,55
199,56
199,57
199,58
199,59
199,60
199,61
199,63
199,70
199,89
199,91
199,93
199,94
199,99
199,126
199,127
199,129
199,130
199,157
199,161
199,196
199,247
199,248
199,250
199,263
199,264
199,280
199,311
199,317
199,330
199,341
199,352
199,408
199,409
199,411
199,416
199,419
199,428
199,473
199,492
199,500
199,503
199,523
199,710
199,797
199,851
199,886
199,917
208,20
208,21
208,33
208,34
208,36
208,38
208,70
208,88
208,89
208,91
208,99
208,120
208,130
208,153
208,157
208,205
208,231
208,523
208,667
212,15
212,17
212,36
212,38
212,63
212,98
212,99
212,129
212,130
212,163
212,168
212,206
212,210
212,232
212,263
212,280
212,282
212,314
212,332
212,369
212,370
212,403
212,404
212,405
212,410
212,416
212,418
212,430
212,442
212,450
212,458
212,512
212,522
212,679
212,796
212,806
212,814
212,851
212,884
212,885
213,35
213,70
213,88
213,89
213,91
213,157
213,188
213,205
213,249
213,263
213,317
213,444
213,450
213,522
213,523
214,30
214,31
214,33
214,34
214,36
214,37
214,38
214,42
214,63
214,89
214,91
214,157
214,168
214,206
214,224
214,263
214,264
214,280
214,282
214,292
214,317
214,331
214,332
214,350
214,370
214,405
214,410
214,411
214,416
214,421
214,444
214,450
214,479
214,522
214,523
214,667
214,675
214,679
214,684
214,806
214,851
214,884
214,885
214,918
217,7
217,8
217,9
217,10
217,34
217,36
217,37
217,38
217,63
217,89
217,91
217,122
217,129
217,154
217,157
217,163
217,168
217,173
217,232
217,242
217,253
217,263
217,264
217,280
217,304
217,317
217,332
217,343
217,359
217,370
217,371
217,402
217,416
217,419
217,421
217,441
217,444
217,479
217,523
217,583
217,667
217,675
217,707
217,851
217,885
224,56
224,58
224,63
224,145
224,190
224,352
224,451
224,491
226,33
226,38
226,56
226,145
226,332
226,352
226,403
229,34
229,36
229,38
229,44
229,52
229,53
229,63
229,76
229,83
229,123
229,126
229,168
229,188
229,189
229,242
229,247
229,257
229,263
229,304
229,315
229,341
229,394
229,399
229,416
229,422
229,424
229,488
229,492
229,510
229,517
229,555
229,675
229,706
229,807
229,808
229,851
229,885
229,894
229,915
230,34
230,36
230,38
230,55
230,56
230,57
230,58
230,59
230,61
230,63
230,99
230,127
230,129
230,130
230,145
230,196
230,200
230,225
230,239
230,250
230,263
230,311
230,330
230,352
230,406
230,416
230,430
230,434
230,442
230,503
230,542
230,710
230,784
230,799
230,812
230,834
230,851
230,886
232,21
232,30
232,31
232,33
232,34
232,36
232,38
232,63
232,89
232,91
232,157
232,168
232,189
232,205
232,229
232,263
232,282
232,304
232,317
232,328
232,341
232,372
232,387
232,398
232,402
232,414
232,416
232,422
232,423
232,424
232,441
232,442
232,444
232,479
232,523
232,583
232,667
232,675
232,684
232,707
232,776
232,851
232,861
232,885
233,33
233,36
233,38
233,58
233,59
233,60
233,63
233,76
233,84
233,85
233,87
233,94
233,99
233,129
233,130
233,161
233,168
233,192
233,196
233,247
233,263
233,416
233,428
233,435
233,451
233,473
233,492
233,527
233,851
241,23
241,29
241,33
241,34
241,57
241,58
241,59
241,63
241,70
241,76
241,85
241,87
241,89
241,157
241,205
241,231
241,247
241,249
241,263
241,264
241,280
241,317
241,351
241,352
241,411
241,416
241,428
241,523
241,583
241,667
242,1
242,3
242,5
242,7
242,8
242,9
242,25
242,34
242,36
242,38
242,53
242,55
242,58
242,59
242,61
242,63
242,66
242,70
242,76
242,85
242,87
242,89
242,94
242,99
242,121
242,126
242,129
242,130
242,157
242,161
242,168
242,196
242,247
242,263
242,264
242,280
242,304
242,317
242,343
242,352
242,387
242,409
242,411
242,416
242,419
242,428
242,497
242,500
242,523
242,528
242,574
242,605
242,707
242,851
242,885
242,886
242,914
243,34
243,36
243,38
243,44
243,63
243,84
243,85
243,87
243,98
243,129
243,189
243,192
243,209
243,242
243,245
243,247
243,263
243,311
243,326
243,396
243,416
243,422
243,435
243,442
243,451
243,503
243,521
243,527
243,528
243,555
243,675
243,851
243,885
243,916
244,23
244,34
244,36
244,38
244,44
244,52
244,53
244,63
244,76
244,83
244,91
244,126
244,129
244,172
244,242
244,247
244,257
244,263
244,284
244,311
244,315
244,326
244,394
244,416
244,424
244,436
244,442
244,444
244,488
244,523
244,555
244,707
244,815
244,851
244,885
245,16
245,34
245,36
245,38
245,44
245,55
245,56
245,57
245,58
245,59
245,63
245,127
245,129
245,196
245,242
245,247
245,250
245,263
245,311
245,326
245,352
245,403
245,416
245,419
245,423
245,442
245,503
245,555
245,710
245,851
245,885
245,886
248,7
248,8
248,9
248,33
248,34
248,36
248,37
248,38
248,44
248,53
248,56
248,57
248,58
248,59
248,63
248,85
248,87
248,88
248,89
248,91
248,126
248,157
248,189
248,196
248,200
248,242
248,263
248,264
248,280
248,282
248,317
248,328
248,330
248,332
248,337
248,341
248,350
248,371
248,399
248,406
248,408
248,411
248,414
248,416
248,419
248,421
248,422
248,423
248,424
248,442
248,444
248,479
248,492
248,523
248,525
248,555
248,667
248,707
248,776
248,784
248,808
248,851
249,16
249,19
249,34
249,36
249,38
249,56
249,57
249,58
249,59
249,63
249,85
249,87
249,89
249,94
249,127
249,129
249,143
249,177
249,196
249,202
249,246
249,247
249,248
249,250
249,263
249,304
249,311
249,314
249,326
249,332
249,352
249,403
249,406
249,413
249,414
249,416
249,419
249,428
249,442
249,451
249,473
249,512
249,525
249,542
249,710
249,799
249,814
249,851
249,886
249,917
250,16
250,19
250,34
250,36
250,38
250,53
250,63
250,76
250,83
250,85
250,87
250,89
250,94
250,126
250,129
250,143
250,202
250,221
250,246
250,247
250,248
250,257
250,263
250,304
250,311
250,314
250,315
250,326
250,332
250,394
250,403
250,413
250,414
250,416
250,428
250,442
250,451
250,488
250,542
250,814
250,815
250,851
251,15
251,63
251,76
251,93
251,94
251,138
251,202
251,246
251,247
251,248
251,263
251,332
251,345
251,351
251,352
251,369
251,412
251,416
251,437
251,451
251,605
254,1
254,9
254,21
254,34
254,36
254,38
254,63
254,72
254,76
254,89
254,91
254,98
254,129
254,157
254,168
254,200
254,202
254,206
254,242
254,263
254,264
254,280
254,317
254,331
254,332
254,337
254,338
254,345
254,348
254,372
254,402
254,404
254,406
254,409
254,410
254,411
254,412
254,416
254,437
254,490
254,512
254,520
254,523
254,525
254,669
254,670
254,675
254,784
254,799
254,803
254,851
254,885
254,918
257,7
257,9
257,10
257,24
257,34
257,36
257,38
257,52
257,53
257,63
257,76
257,83
257,89
257,91
257,98
257,126
257,129
257,157
257,163
257,168
257,189
257,253
257,257
257,263
257,264
257,280
257,282
257,299
257,307
257,315
257,317
257,332
257,340
257,369
257,370
257,394
257,396
257,398
257,410
257,411
257,413
257,416
257,421
257,444
257,488
257,490
257,512
257,519
257,523
257,815
257,851
257,915
257,918
260,8
260,33
260,34
260,36
260,38
260,55
260,56
260,57
260,58
260,59
260,63
260,88
260,89
260,91
260,127
260,157
260,189
260,196
260,200
260,249
260,250
260,253
260,263
260,264
260,280
260,282
260,308
260,311
260,317
260,328
260,330
260,341
260,352
260,398
260,411
260,414
260,416
260,419
260,444
260,479
260,482
260,518
260,523
260,667
260,707
260,710
260,776
260,812
260,851
260,886
272,7
272,8
272,9
272,34
272,36
272,38
272,55
272,56
272,57
272,58
272,59
272,61
272,63
272,71
272,72
272,76
272,127
272,129
272,154
272,168
272,196
272,202
272,250
272,252
272,253
272,263
272,264
272,280
272,282
272,304
272,310
272,311
272,330
272,331
272,341
272,345
272,352
272,402
272,409
272,411
272,412
272,416
272,428
272,437
272,574
272,803
272,851
272,861
272,885
272,886
275,29
275,33
275,34
275,36
275,38
275,63
275,71
275,72
275,75
275,76
275,91
275,129
275,153
275,157
275,168
275,196
275,202
275,205
275,206
275,247
275,252
275,253
275,257
275,263
275,280
275,282
275,310
275,311
275,314
275,317
275,326
275,331
275,332
275,345
275,348
275,371
275,389
275,399
275,402
275,403
275,404
275,410
275,411
275,412
275,416
275,437
275,490
275,492
275,506
275,542
275,555
275,572
275,669
275,675
275,803
275,808
275,851
275,885
275,886
275,918
282,7
282,8
282,9
282,34
282,60
282,63
282,85
282,93
282,94
282,129
282,138
282,168
282,196
282,247
282,248
282,263
282,282
282,304
282,345
282,396
282,410
282,411
282,412
282,416
282,428
282,451
282,473
282,500
282,574
282,577
282,585
282,595
282,605
282,797
282,802
282,813
282,851
282,914
282,917
289,7
289,8
289,9
289,10
289,25
289,29
289,34
289,36
289,38
289,53
289,58
289,59
289,63
289,76
289,85
289,87
289,89
289,91
289,126
289,154
289,157
289,163
289,168
289,189
289,196
289,200
289,206
289,232
289,247
289,253
289,263
289,264
289,280
289,282
289,304
289,317
289,332
289,341
289,343
289,359
289,389
289,398
289,402
289,404
289,409
289,411
289,416
289,421
289,428
289,441
289,479
289,490
289,523
289,528
289,583
289,667
289,675
289,707
289,776
289,808
289,851
289,884
289,885
289,886
295,1
295,23
295,44
295,53
295,57
295,58
295,59
295,63
295,70
295,76
295,89
295,126
295,157
295,242
295,247
295,249
295,253
295,263
295,280
295,304
295,310
295,315
295,317
295,351
295,352
295,411
295,416
295,419
295,422
295,423
295,424
295,431
295,497
295,523
295,586
306,15
306,29
306,33
306,36
306,38
306,53
306,57
306,58
306,59
306,63
306,70
306,76
306,85
306,87
306,89
306,91
306,126
306,157
306,231
306,232
306,249
306,263
306,264
306,280
306,317
306,332
306,337
306,351
306,352
306,371
306,399
306,406
306,411
306,416
306,419
306,421
306,430
306,431
306,442
306,444
306,523
310,33
310,44
310,53
310,63
310,70
310,85
310,87
310,98
310,168
310,231
310,263
310,315
310,351
310,416
310,422
310,424
310,435
310,451
310,521
310,528
310,555
321,34
321,55
321,56
321,57
321,58
321,59
321,63
321,70
321,89
321,127
321,249
321,250
321,263
321,291
321,310
321,317
321,323
321,340
321,352
321,362
321,416
321,419
321,503
321,523
330,7
330,9
330,19
330,34
330,36
330,38
330,44
330,53
330,63
330,76
330,83
330,89
330,91
330,126
330,129
330,157
330,189
330,200
330,202
330,225
330,242
330,253
330,257
330,263
330,276
330,310
330,314
330,317
330,328
330,332
330,337
330,341
330,369
330,403
330,405
330,406
330,407
330,410
330,414
330,416
330,434
330,444
330,450
330,522
330,523
330,525
330,586
330,675
330,784
330,799
330,814
330,815
330,851
330,914
330,917
332,9
332,34
332,36
332,40
332,42
332,63
332,71
332,76
332,91
332,129
332,168
332,202
332,247
332,263
332,264
332,280
332,282
332,331
332,345
332,371
332,389
332,398
332,399
332,402
332,409
332,411
332,412
332,416
332,428
332,437
332,474
332,492
332,523
332,675
332,679
332,681
332,707
332,803
332,806
332,808
332,851
332,885
334,19
334,31
334,34
334,36
334,38
334,53
334,58
334,63
334,64
334,76
334,83
334,89
334,126
334,129
334,143
334,168
334,200
334,225
334,257
334,263
334,304
334,311
334,332
334,337
334,365
334,406
334,413
334,416
334,434
334,496
334,512
334,523
334,542
334,574
334,583
334,585
334,605
334,784
334,814
334,851
334,885
334,914
344,58
344,60
344,63
344,70
344,76
344,89
344,91
344,93
344,94
344,120
344,138
344,153
344,157
344,189
344,229
344,246
344,247
344,249
344,263
344,317
344,326
344,414
344,416
344,444
344,451
344,523
344,605
346,35
346,51
346,63
346,70
346,72
346,76
346,89
346,91
346,157
346,188
346,202
346,246
346,249
346,263
346,310
346,317
346,331
346,362
346,412
346,416
346,444
346,523
348,15
348,55
348,63
348,70
348,89
348,91
348,157
348,163
348,206
348,210
348,231
348,232
348,246
348,249
348,263
348,280
348,306
348,317
348,332
348,350
348,352
348,362
348,404
348,416
348,421
348,430
348,444
348,450
348,479
348,523
350,33
350,34
350,35
350,36
350,38
350,55
350,56
350,57
350,58
350,59
350,63
350,127
350,129
350,196
350,239
350,250
350,263
350,311
350,330
350,341
350,352
350,401
350,406
350,416
350,419
350,442
350,503
350,523
350,525
350,574
350,577
350,784
350,799
350,806
350,812
350,813
350,851
350,886
350,914
362,29
362,34
362,36
362,44
362,58
362,59
362,63
362,89
362,181
362,196
362,242
362,247
362,263
362,310
362,311
362,333
362,352
362,399
362,416
362,419
362,420
362,423
362,442
362,492
362,506
362,523
362,524
362,573
362,851
362,861
362,885
362,886
365,58
365,59
365,181
365,205
365,352
365,710
367,44
367,55
367,56
367,57
367,58
367,59
367,63
367,127
367,242
367,250
367,263
367,291
367,317
367,352
367,362
367,389
367,401
367,416
367,423
367,503
368,55
368,56
368,57
368,58
368,59
368,63
368,93
368,94
368,127
368,247
368,250
368,263
368,291
368,352
368,362
368,401
368,416
368,503
368,577
369,33
369,36
369,38
369,55
369,56
369,57
369,58
369,59
369,63
369,89
369,127
369,157
369,246
369,249
369,263
369,291
369,317
369,352
369,362
369,401
369,416
369,444
369,457
369,503
369,523
373,19
373,29
373,34
373,36
373,38
373,44
373,52
373,53
373,56
373,63
373,83
373,89
373,126
373,129
373,157
373,189
373,200
373,225
373,242
373,257
373,263
373,280
373,304
373,317
373,332
373,337
373,403
373,406
373,416
373,421
373,422
373,424
373,428
373,434
373,442
373,444
373,523
373,525
373,542
373,706
373,784
373,814
373,851
373,915
376,8
376,9
376,33
376,34
376,36
376,38
376,63
376,89
376,93
376,94
376,129
376,157
376,188
376,189
376,196
376,232
376,247
376,248
376,263
376,264
376,280
376,282
376,309
376,317
376,332
376,359
376,416
376,418
376,421
376,428
376,430
376,442
376,444
376,473
376,523
376,706
376,707
376,776
376,796
376,797
376,800
376,851
376,885
376,917
377,7
377,8
377,9
377,23
377,34
377,36
377,38
377,63
377,85
377,87
377,88
377,89
377,91
377,153
377,157
377,192
377,246
377,263
377,264
377,276
377,280
377,317
377,328
377,350
377,359
377,408
377,409
377,411
377,414
377,416
377,430
377,442
377,444
377,451
377,479
377,523
377,707
377,776
377,800
377,851
378,8
378,9
378,23
378,34
378,58
378,59
378,63
378,85
378,87
378,89
378,153
378,157
378,192
378,196
378,246
378,263
378,264
378,276
378,280
378,317
378,333
378,359
378,411
378,416
378,419
378,430
378,442
378,451
378,523
378,707
378,776
378,851
378,861
379,8
379,9
379,23
379,34
379,36
379,38
379,63
379,85
379,87
379,89
379,153
379,157
379,192
379,232
379,246
379,263
379,264
379,276
379,280
379,317
379,328
379,359
379,411
379,416
379,421
379,430
379,442
379,451
379,523
379,707
379,776
379,796
379,800
379,851
379,861
380,19
380,34
380,36
380,38
380,57
380,58
380,63
380,76
380,85
380,87
380,89
380,93
380,94
380,127
380,129
380,196
380,200
380,225
380,247
380,248
380,250
380,263
380,296
380,311
380,314
380,332
380,337
380,352
380,396
380,403
380,406
380,412
380,416
380,421
380,428
380,434
380,451
380,473
380,500
380,523
380,574
380,577
380,710
380,784
380,799
380,814
380,851
380,886
380,914
381,19
381,34
381,36
381,38
381,57
381,58
381,63
381,76
381,85
381,87
381,89
381,93
381,94
381,127
381,129
381,196
381,200
381,225
381,247
381,248
381,263
381,295
381,311
381,314
381,332
381,337
381,352
381,396
381,403
381,406
381,412
381,416
381,421
381,428
381,434
381,451
381,473
381,500
381,523
381,710
381,784
381,799
381,812
381,814
381,851
381,886
381,917
382,34
382,36
382,38
382,56
382,57
382,58
382,59
382,63
382,85
382,87
382,89
382,127
382,157
382,196
382,246
382,250
382,263
382,280
382,317
382,323
382,330
382,352
382,401
382,416
382,419
382,442
382,523
382,618
382,710
382,851
382,886
383,7
383,9
383,34
383,36
383,38
383,53
383,63
383,76
383,85
383,87
383,89
383,91
383,126
383,157
383,189
383,232
383,242
383,246
383,257
383,263
383,264
383,280
383,284
383,315
383,317
383,328
383,332
383,337
383,341
383,350
383,359
383,406
383,411
383,414
383,416
383,421
383,424
383,428
383,436
383,442
383,444
383,479
383,523
383,619
383,667
383,707
383,776
383,815
383,851
384,19
384,34
384,36
384,38
384,53
384,56
384,57
384,58
384,59
384,63
384,76
384,85
384,87
384,89
384,126
384,127
384,129
384,157
384,196
384,200
384,239
384,242
384,245
384,246
384,250
384,263
384,280
384,304
384,315
384,317
384,332
384,337
384,369
384,403
384,406
384,411
384,412
384,414
384,416
384,419
384,421
384,434
384,442
384,444
384,523
384,525
384,528
384,542
384,620
384,784
384,799
384,800
384,851
385,7
385,8
385,9
385,34
385,38
385,60
385,63
385,85
385,87
385,93
385,94
385,129
385,189
385,196
385,247
385,248
385,263
385,309
385,352
385,353
385,369
385,387
385,396
385,409
385,412
385,416
385,428
385,430
385,442
385,451
385,473
385,500
385,583
385,605
385,796
385,797
385,800
385,851
385,917
386,7
386,8
386,9
386,35
386,36
386,58
386,60
386,63
386,76
386,85
386,87
386,94
386,129
386,157
386,196
386,247
386,248
386,263
386,280
386,282
386,317
386,332
386,352
386,354
386,398
386,399
386,409
386,411
386,412
386,416
386,428
386,430
386,451
386,473
386,490
386,500
386,675
386,707
386,797
386,800
386,851
386,917
389,33
389,34
389,36
389,38
389,44
389,63
389,71
389,72
389,75
389,76
389,89
389,157
389,189
389,200
389,202
389,242
389,263
389,304
389,317
389,328
389,331
389,338
389,341
389,345
389,350
389,402
389,412
389,414
389,416
389,428
389,437
389,442
389,444
389,452
389,479
389,520
389,523
389,667
389,707
389,776
389,803
389,815
389,838
389,851
389,885
392,7
392,9
392,10
392,34
392,36
392,38
392,52
392,53
392,63
392,76
392,83
392,89
392,91
392,126
392,129
392,154
392,157
392,168
392,172
392,183
392,189
392,253
392,257
392,263
392,264
392,280
392,282
392,307
392,315
392,317
392,332
392,364
392,369
392,370
392,394
392,396
392,398
392,409
392,410
392,411
392,416
392,421
392,428
392,441
392,444
392,479
392,488
392,490
392,512
392,519
392,523
392,675
392,807
392,808
392,815
392,833
392,851
392,915
392,918
395,1
395,31
395,33
395,34
395,36
395,38
395,55
395,56
395,57
395,58
395,59
395,61
395,63
395,64
395,65
395,89
395,127
395,129
395,157
395,189
395,196
395,206
395,232
395,250
395,253
395,263
395,280
395,282
395,308
395,311
395,314
395,317
395,332
395,352
395,362
395,403
395,410
395,416
395,419
395,421
395,430
395,453
395,518
395,523
395,574
395,675
395,710
395,796
395,808
395,812
395,813
395,814
395,834
395,851
395,861
395,886
398,17
398,19
398,33
398,36
398,38
398,63
398,98
398,129
398,168
398,253
398,257
398,263
398,314
398,332
398,369
398,370
398,403
398,413
398,416
398,512
398,522
398,542
398,814
398,851
405,33
405,34
405,36
405,38
405,44
405,63
405,84
405,85
405,87
405,129
405,168
405,209
405,242
405,263
405,416
405,422
405,423
405,424
405,435
405,451
405,521
405,527
405,528
405,555
405,583
405,675
405,706
405,851
405,885
405,916
407,40
407,71
407,80
407,398
407,412
407,474
409,7
409,9
409,21
409,29
409,34
409,36
409,38
409,53
409,57
409,58
409,59
409,63
409,85
409,87
409,89
409,91
409,126
409,157
409,168
409,189
409,200
409,242
409,246
409,249
409,253
409,263
409,264
409,280
409,317
409,337
409,350
409,372
409,406
409,411
409,414
409,416
409,419
409,428
409,442
409,444
409,457
409,479
409,523
409,525
409,707
409,776
409,784
409,851
409,885
409,916
411,33
411,34
411,36
411,38
411,53
411,58
411,59
411,63
411,85
411,87
411,89
411,91
411,126
411,157
411,189
411,200
411,246
411,263
411,317
411,328
411,350
411,408
411,414
411,416
411,419
411,430
411,442
411,444
411,479
411,492
411,523
411,707
411,776
411,796
411,800
411,815
411,851
411,885
419,8
419,33
419,34
419,36
419,38
419,44
419,55
419,56
419,57
419,58
419,59
419,63
419,91
419,98
419,127
419,129
419,168
419,189
419,196
419,242
419,250
419,263
419,264
419,280
419,317
419,330
419,352
419,401
419,411
419,416
419,423
419,453
419,458
419,490
419,555
419,710
419,812
419,834
419,851
419,861
419,886
423,34
423,36
423,55
423,56
423,57
423,58
423,59
423,63
423,89
423,91
423,127
423,157
423,188
423,189
423,196
423,246
423,250
423,263
423,311
423,317
423,328
423,330
423,341
423,350
423,352
423,414
423,416
423,444
423,482
423,523
423,707
423,710
423,806
423,851
423,886
424,7
424,8
424,9
424,10
424,36
424,38
424,63
424,76
424,85
424,87
424,91
424,129
424,154
424,168
424,189
424,247
424,263
424,264
424,280
424,282
424,310
424,332
424,341
424,352
424,369
424,387
424,402
424,416
424,421
424,441
424,458
424,479
424,490
424,492
424,512
424,675
424,813
424,851
424,885
424,886
424,918
426,16
426,19
426,34
426,60
426,63
426,85
426,87
426,94
426,120
426,129
426,153
426,168
426,196
426,247
426,263
426,282
426,310
426,311
426,314
426,332
426,371
426,403
426,416
426,500
426,506
426,512
426,566
426,851
426,915
428,38
428,98
428,129
428,183
428,370
428,458
428,577
428,583
429,60
429,63
429,85
429,87
429,93
429,94
429,129
429,168
429,196
429,247
429,248
429,263
429,304
429,310
429,345
429,371
429,399
429,408
429,412
429,416
429,451
429,473
429,492
429,500
429,506
429,566
429,577
429,595
429,605
429,807
429,808
429,809
429,851
429,917
430,16
430,17
430,19
430,36
430,38
430,63
430,64
430,94
430,168
430,189
430,196
430,247
430,253
430,257
430,263
430,310
430,314
430,332
430,369
430,372
430,389
430,399
430,400
430,403
430,413
430,416
430,492
430,506
430,512
430,542
430,555
430,808
430,814
430,851
430,886
430,894
430,917
435,10
435,34
435,36
435,38
435,44
435,53
435,63
435,83
435,91
435,126
435,129
435,153
435,154
435,168
435,188
435,242
435,247
435,263
435,282
435,342
435,364
435,389
435,398
435,399
435,400
435,416
435,421
435,441
435,474
435,482
435,491
435,492
435,506
435,555
435,562
435,583
435,675
435,807
435,808
435,851
435,885
435,915
437,33
437,34
437,36
437,60
437,63
437,76
437,89
437,93
437,94
437,157
437,247
437,248
437,263
437,311
437,317
437,326
437,350
437,371
437,408
437,416
437,428
437,430
437,442
437,451
437,473
437,500
437,506
437,523
437,707
437,776
437,796
437,797
437,800
437,851
437,861
437,917
442,34
442,60
442,63
442,94
442,138
442,168
442,196
442,247
442,263
442,317
442,371
442,389
442,399
442,416
442,425
442,473
442,492
442,500
442,506
442,555
442,566
442,807
442,808
442,809
442,851
445,33
445,34
445,36
445,38
445,44
445,53
445,57
445,63
445,89
445,91
445,126
445,129
445,157
445,163
445,200
445,206
445,225
445,232
445,242
445,263
445,280
445,317
445,328
445,332
445,337
445,341
445,398
445,406
445,407
445,408
445,414
445,416
445,421
445,422
445,424
445,434
445,442
445,444
445,523
445,525
445,707
445,710
445,784
445,799
445,815
445,851
448,8
448,9
448,34
448,36
448,63
448,89
448,91
448,94
448,98
448,129
448,157
448,198
448,232
448,242
448,245
448,247
448,249
448,263
448,264
448,280
448,309
448,317
448,332
448,352
448,364
448,370
448,395
448,396
448,398
448,399
448,406
448,409
448,410
448,411
448,416
448,421
448,428
448,430
448,444
448,490
448,523
448,796
448,851
448,885
448,918
450,33
450,34
450,36
450,38
450,44
450,63
450,89
450,91
450,157
450,189
450,242
450,263
450,304
450,317
450,328
450,330
450,341
450,414
450,416
450,422
450,423
450,424
450,442
450,444
450,523
450,667
450,707
450,776
450,815
450,851
452,40
452,44
452,242
452,404
452,440
452,474
454,8
454,9
454,36
454,40
454,63
454,89
454,91
454,157
454,168
454,188
454,189
454,196
454,247
454,263
454,264
454,280
454,282
454,310
454,317
454,332
454,341
454,370
454,389
454,398
454,399
454,404
454,409
454,410
454,411
454,416
454,421
454,441
454,444
454,474
454,482
454,490
454,491
454,492
454,523
454,562
454,675
454,808
454,851
454,886
454,918
460,8
460,34
460,36
460,38
460,58
460,59
460,63
460,75
460,76
460,89
460,157
460,181
460,189
460,196
460,200
460,202
460,263
460,264
460,280
460,311
460,317
460,331
460,333
460,345
460,352
460,402
460,411
460,412
460,414
460,416
460,419
460,420
460,437
460,452
460,523
460,670
460,707
460,776
460,803
460,851
460,861
460,885
460,886
461,8
461,10
461,36
461,57
461,58
461,59
461,63
461,91
461,98
461,129
461,154
461,163
461,168
461,196
461,206
461,232
461,247
461,263
461,264
461,280
461,282
461,332
461,333
461,352
461,372
461,398
461,399
461,400
461,404
461,411
461,416
461,419
461,420
461,421
461,490
461,492
461,555
461,675
461,808
461,813
461,851
461,861
461,885
461,886
461,918
462,33
462,34
462,36
462,38
462,63
462,84
462,85
462,87
462,99
462,129
462,161
462,192
462,209
462,263
462,416
462,430
462,435
462,442
462,451
462,521
462,527
462,528
462,776
462,796
462,851
462,916
463,5
463,15
463,21
463,23
463,25
463,33
463,34
463,35
463,36
463,38
463,55
463,57
463,58
463,59
463,61
463,63
463,66
463,70
463,85
463,87
463,89
463,99
463,126
463,130
463,205
463,416
463,428
463,523
464,5
464,6
464,7
464,8
464,9
464,23
464,25
464,30
464,31
464,33
464,34
464,36
464,38
464,53
464,55
464,56
464,57
464,58
464,59
464,61
464,63
464,66
464,70
464,85
464,87
464,89
464,91
464,99
464,126
464,130
464,157
464,168
464,189
464,196
464,200
464,224
464,232
464,242
464,253
464,263
464,264
464,280
464,317
464,341
464,350
464,359
464,398
464,406
464,411
464,414
464,416
464,419
464,421
464,422
464,423
464,424
464,430
464,439
464,442
464,444
464,479
464,523
464,525
464,529
464,667
464,684
464,707
464,776
464,784
464,800
464,815
464,851
464,915
464,916
465,15
465,20
465,21
465,34
465,36
465,38
465,63
465,71
465,72
465,76
465,99
465,130
465,132
465,188
465,246
465,412
465,458
465,491
466,5
466,7
466,8
466,9
466,25
466,34
466,36
466,38
466,53
466,63
466,66
466,70
466,84
466,85
466,87
466,89
466,91
466,94
466,98
466,99
466,129
466,130
466,157
466,168
466,253
466,263
466,264
466,280
466,282
466,311
466,317
466,351
466,411
466,416
466,435
466,451
466,490
466,521
466,523
466,527
466,528
466,707
466,851
466,885
466,916
467,5
467,7
467,9
467,25
467,34
467,36
467,38
467,52
467,53
467,63
467,66
467,70
467,76
467,83
467,85
467,89
467,94
467,99
467,123
467,126
467,130
467,157
467,168
467,172
467,253
467,257
467,263
467,264
467,280
467,282
467,304
467,311
467,315
467,317
467,394
467,398
467,411
467,416
467,436
467,488
467,490
467,491
467,499
467,523
467,707
467,807
467,815
467,851
467,915
468,33
468,314
468,326
468,403
468,577
468,584
468,585
469,17
469,33
469,36
469,38
469,63
469,76
469,94
469,98
469,129
469,141
469,163
469,168
469,202
469,242
469,246
469,247
469,253
469,263
469,314
469,332
469,364
469,369
469,400
469,403
469,405
469,416
469,450
469,522
469,679
469,806
469,814
469,851
469,884
469,917
470,33
470,34
470,36
470,38
470,44
470,63
470,75
470,76
470,91
470,98
470,99
470,129
470,130
470,189
470,202
470,247
470,263
470,282
470,304
470,311
470,331
470,332
470,341
470,343
470,345
470,348
470,387
470,402
470,404
470,412
470,416
470,437
470,500
470,669
470,803
470,851
470,885
470,914
471,33
471,34
471,36
471,38
471,44
471,58
471,59
471,63
471,91
471,98
471,99
471,129
471,130
471,189
471,196
471,247
471,263
471,304
471,311
471,333
471,341
471,343
471,352
471,387
471,416
471,419
471,420
471,423
471,500
471,573
471,813
471,851
471,886
471,914
472,36
472,38
472,40
472,63
472,89
472,98
472,129
472,152
472,157
472,163
472,168
472,188
472,189
472,206
472,210
472,232
472,242
472,263
472,280
472,282
472,317
472,328
472,332
472,341
472,342
472,369
472,398
472,399
472,400
472,404
472,414
472,416
472,422
472,423
472,424
472,441
472,444
472,474
472,512
472,522
472,523
472,667
472,675
472,679
472,706
472,784
472,799
472,806
472,814
472,851
473,33
473,34
473,36
473,37
473,38
473,58
473,59
473,63
473,89
473,91
473,157
473,181
473,189
473,196
473,246
473,263
473,282
473,317
473,328
473,333
473,341
473,350
473,414
473,416
473,419
473,420
473,423
473,442
473,444
473,458
473,479
473,523
473,667
473,675
473,707
473,776
473,851
473,885
474,33
474,36
474,38
474,58
474,59
474,60
474,63
474,76
474,84
474,85
474,87
474,94
474,99
474,129
474,130
474,161
474,168
474,192
474,196
474,247
474,253
474,263
474,399
474,416
474,428
474,435
474,451
474,473
474,492
474,527
474,851
475,7
475,8
475,9
475,34
475,36
475,60
475,63
475,85
475,89
475,93
475,94
475,129
475,138
475,157
475,163
475,168
475,196
475,206
475,210
475,247
475,248
475,263
475,264
475,280
475,282
475,304
475,317
475,332
475,345
475,348
475,364
475,370
475,396
475,398
475,400
475,403
475,404
475,409
475,410
475,411
475,412
475,416
475,421
475,427
475,428
475,444
475,451
475,473
475,490
475,500
475,506
475,523
475,533
475,574
475,577
475,605
475,669
475,675
475,797
475,813
475,851
475,895
475,914
475,918
476,7
476,8
476,9
476,33
476,34
476,36
476,38
476,63
476,85
476,87
476,88
476,89
476,157
476,161
476,192
476,209
476,263
476,317
476,328
476,350
476,408
476,414
476,416
476,430
476,435
476,442
476,444
476,479
476,521
476,523
476,605
476,667
476,707
476,776
476,796
476,800
476,851
476,916
477,7
477,8
477,9
477,20
477,34
477,58
477,59
477,63
477,89
477,94
477,129
477,141
477,157
477,168
477,196
477,247
477,248
477,263
477,264
477,280
477,310
477,317
477,325
477,371
477,399
477,411
477,416
477,425
477,451
477,506
477,566
477,806
477,809
477,851
478,8
478,29
478,34
478,36
478,44
478,58
478,59
478,63
478,85
478,87
478,94
478,181
478,196
478,242
478,247
478,263
478,310
478,311
478,333
478,352
478,416
478,419
478,420
478,423
478,506
478,524
478,577
478,809
478,813
478,851
478,861
478,885
478,886
480,7
480,8
480,9
480,60
480,63
480,76
480,85
480,87
480,93
480,94
480,129
480,189
480,202
480,247
480,248
480,263
480,282
480,326
480,352
480,369
480,409
480,412
480,416
480,428
480,451
480,473
480,492
480,500
480,512
480,577
480,583
480,605
480,797
480,832
480,851
480,917
481,7
481,8
481,9
481,38
481,58
481,59
481,60
481,63
481,85
481,87
481,93
481,94
481,129
481,247
481,248
481,263
481,282
481,326
481,352
481,369
481,409
481,412
481,416
481,428
481,451
481,473
481,500
481,512
481,577
481,583
481,605
481,797
481,832
481,851
481,917
482,7
482,8
482,9
482,38
482,53
482,60
482,63
482,85
482,87
482,93
482,94
482,126
482,129
482,153
482,189
482,247
482,248
482,253
482,263
482,282
482,326
482,352
482,369
482,387
482,409
482,412
482,416
482,428
482,451
482,473
482,500
482,512
482,577
482,583
482,605
482,797
482,832
482,851
483,34
483,36
483,53
483,58
483,59
483,63
483,85
483,87
483,89
483,126
483,129
483,157
483,163
483,200
483,225
483,231
483,232
483,246
483,263
483,280
483,304
483,315
483,317
483,337
483,396
483,406
483,408
483,411
483,414
483,416
483,421
483,430
483,434
483,442
483,444
483,459
483,523
483,525
483,707
483,776
483,784
483,796
483,799
483,851
484,34
484,36
484,53
484,56
484,57
484,58
484,59
484,63
484,85
484,87
484,89
484,126
484,127
484,129
484,157
484,163
484,196
484,200
484,225
484,246
484,250
484,263
484,280
484,304
484,317
484,332
484,337
484,352
484,396
484,401
484,406
484,408
484,411
484,414
484,416
484,419
484,421
484,434
484,444
484,460
484,523
484,525
484,707
484,710
484,776
484,784
484,799
484,814
484,851
484,886
485,34
485,36
485,53
485,63
485,76
485,83
485,89
485,91
485,126
485,157
485,232
485,242
485,246
485,257
485,263
485,315
485,317
485,350
485,394
485,399
485,406
485,408
485,414
485,416
485,424
485,430
485,436
485,442
485,444
485,463
485,488
485,523
485,679
485,707
485,776
485,796
485,807
485,815
485,851
485,884
486,1
486,5
486,7
486,8
486,9
486,23
486,34
486,38
486,63
486,85
486,87
486,89
486,157
486,196
486,263
486,264
486,280
486,282
486,317
486,359
486,371
486,409
486,411
486,414
486,416
486,419
486,428
486,442
486,444
486,479
486,523
486,667
486,707
486,776
486,851
487,19
487,34
487,36
487,63
487,85
487,87
487,89
487,94
487,129
487,163
487,196
487,200
487,225
487,246
487,247
487,263
487,304
487,337
487,396
487,399
487,406
487,412
487,414
487,416
487,421
487,425
487,434
487,442
487,444
487,467
487,506
487,523
487,525
487,566
487,784
487,806
487,809
487,814
487,851
488,34
488,58
488,60
488,62
488,63
488,76
488,85
488,87
488,93
488,94
488,129
488,163
488,189
488,196
488,247
488,248
488,263
488,408
488,412
488,416
488,427
488,428
488,451
488,473
488,500
488,585
488,605
488,797
488,851
489,55
489,56
489,57
489,58
489,59
489,61
489,127
489,129
489,196
489,250
489,263
489,282
489,291
489,311
489,352
489,369
489,428
489,503
489,574
489,605
489,710
489,812
489,851
489,886
489,914
490,55
490,56
490,57
490,58
490,59
490,60
490,61
490,63
490,94
490,127
490,129
490,189
490,196
490,247
490,250
490,263
490,282
490,291
490,311
490,352
490,369
490,412
490,416
490,428
490,500
490,503
490,574
490,605
490,710
490,812
490,851
490,886
490,914
491,58
491,59
491,63
491,87
491,94
491,98
491,129
491,138
491,157
491,168
491,188
491,196
491,247
491,263
491,264
491,280
491,282
491,317
491,389
491,398
491,399
491,404
491,409
491,411
491,416
491,421
491,451
491,473
491,492
491,506
491,555
491,675
491,808
491,851
492,36
492,38
492,63
492,76
492,94
492,129
492,202
492,263
492,314
492,331
492,345
492,402
492,403
492,412
492,414
492,416
492,428
492,437
492,465
492,572
492,574
492,583
492,605
492,803
492,851
492,885
493,19
493,34
493,36
493,38
493,53
493,56
493,57
493,58
493,59
493,63
493,76
493,85
493,87
493,89
493,94
493,126
493,127
493,129
493,157
493,188
493,196
493,200
493,202
493,245
493,247
493,248
493,257
493,263
493,280
493,304
493,315
493,317
493,331
493,337
493,345
493,352
493,394
493,396
493,398
493,399
493,403
493,404
493,405
493,406
493,408
493,411
493,412
493,414
493,416
493,419
493,421
493,428
493,430
493,434
493,441
493,442
493,444
493,449
493,451
493,473
493,491
493,492
493,500
493,506
493,523
493,525
493,528
493,542
493,555
493,566
493,605
493,707
493,710
493,776
493,796
493,800
493,815
493,851
493,885
493,886
493,916
494,5
494,7
494,9
494,25
494,29
494,38
494,53
494,63
494,76
494,83
494,85
494,87
494,93
494,94
494,98
494,126
494,129
494,173
494,247
494,248
494,253
494,257
494,263
494,280
494,299
494,315
494,340
494,369
494,394
494,411
494,412
494,416
494,428
494,473
494,488
494,496
494,500
494,510
494,517
494,528
494,545
494,557
494,595
494,605
497,21
497,22
497,33
497,34
497,35
497,36
497,38
497,63
497,72
497,76
497,129
497,200
497,202
497,263
497,282
497,331
497,332
497,338
497,345
497,348
497,402
497,406
497,412
497,416
497,437
497,520
497,525
497,572
497,784
497,799
497,803
497,851
497,885
500,7
500,9
500,33
500,34
500,36
500,38
500,52
500,53
500,63
500,76
500,83
500,89
500,91
500,123
500,126
500,157
500,189
500,205
500,257
500,263
500,264
500,280
500,282
500,292
500,307
500,315
500,317
500,370
500,372
500,394
500,398
500,409
500,411
500,416
500,428
500,442
500,444
500,457
500,479
500,488
500,490
500,503
500,519
500,523
500,528
500,667
500,707
500,776
500,851
500,885
500,915
503,33
503,34
503,36
503,55
503,56
503,57
503,58
503,59
503,63
503,91
503,127
503,129
503,163
503,168
503,196
503,206
503,210
503,224
503,250
503,263
503,280
503,282
503,308
503,332
503,352
503,399
503,401
503,403
503,404
503,410
503,416
503,419
503,453
503,514
503,518
503,523
503,529
503,534
503,555
503,675
503,684
503,710
503,808
503,812
503,851
503,886
503,918
508,33
508,36
508,44
508,57
508,63
508,85
508,87
508,91
508,173
508,242
508,247
508,253
508,263
508,276
508,304
508,317
508,371
508,387
508,416
508,422
508,423
508,424
508,442
508,496
508,514
508,528
508,555
508,583
508,706
508,707
512,10
512,22
512,44
512,63
512,76
512,122
512,154
512,157
512,168
512,237
512,242
512,263
512,280
512,317
512,371
512,402
512,411
512,412
512,416
512,421
512,490
512,496
512,512
514,10
514,44
514,53
514,63
514,76
514,122
514,126
514,154
514,157
514,168
514,237
514,242
514,263
514,280
514,315
514,317
514,371
514,411
514,416
514,421
514,481
514,488
514,490
514,496
514,510
514,512
516,10
516,44
516,55
516,57
516,58
516,59
516,63
516,122
516,127
516,154
516,157
516,168
516,237
516,242
516,263
516,280
516,317
516,362
516,371
516,411
516,416
516,421
516,490
516,496
516,503
516,512
518,60
518,63
518,94
518,129
518,138
518,157
518,173
518,247
518,248
518,263
518,317
518,412
518,416
518,428
518,473
518,496
518,500
518,585
518,605
521,16
521,19
521,63
521,98
521,129
521,143
521,173
521,211
521,253
521,257
521,263
521,314
521,369
521,403
521,413
521,416
521,496
521,542
523,23
523,34
523,36
523,37
523,38
523,63
523,85
523,87
523,98
523,129
523,209
523,253
523,263
523,315
523,351
523,416
523,435
523,451
523,488
523,521
523,523
523,527
523,528
523,667
523,684
523,851
523,885
523,916
526,29
526,33
526,63
526,76
526,89
526,120
526,153
526,157
526,173
526,189
526,263
526,276
526,311
526,317
526,328
526,350
526,408
526,414
526,416
526,430
526,442
526,444
526,479
526,496
526,523
526,675
526,707
526,776
530,10
530,34
530,36
530,38
530,63
530,89
530,91
530,154
530,157
530,189
530,229
530,232
530,263
530,280
530,306
530,317
530,328
530,332
530,341
530,350
530,398
530,404
530,411
530,414
530,416
530,421
530,442
530,523
530,529
530,667
530,675
530,684
530,707
530,796
530,815
530,851
534,1
534,7
534,8
534,9
534,21
534,34
534,36
534,38
534,63
534,88
534,89
534,91
534,157
534,168
534,223
534,263
534,264
534,276
534,280
534,282
534,317
534,350
534,359
534,370
534,398
534,409
534,411
534,416
534,444
534,479
534,490
534,523
534,667
534,707
534,851
534,918
537,5
537,8
537,25
537,51
537,56
537,57
537,61
537,63
537,89
537,91
537,157
537,173
537,188
537,196
537,253
537,263
537,280
537,291
537,304
537,311
537,317
537,330
537,340
537,341
537,371
537,398
537,409
537,411
537,414
537,416
537,438
537,474
537,482
537,496
537,497
537,503
537,523
537,707
537,710
542,33
542,36
542,63
542,75
542,76
542,163
542,202
542,206
542,263
542,282
542,331
542,345
542,348
542,398
542,402
542,403
542,404
542,405
542,412
542,416
542,421
542,437
542,450
542,522
542,527
542,565
542,675
542,676
542,679
542,803
542,806
542,813
542,851
542,884
542,885
545,36
545,38
545,40
545,42
545,63
545,76
545,89
545,91
545,157
545,173
545,188
545,205
545,224
545,231
545,263
545,276
545,317
545,342
545,371
545,372
545,398
545,404
545,416
545,440
545,450
545,474
545,496
545,506
545,523
545,675
545,684
545,707
547,16
547,63
547,71
547,72
547,75
547,76
547,94
547,129
547,168
547,202
547,247
547,263
547,369
547,402
547,412
547,416
547,542
547,583
547,584
547,585
547,605
547,803
547,851
549,63
549,71
549,72
549,76
549,80
549,202
549,263
549,311
549,331
549,345
549,402
549,412
549,416
549,437
549,572
549,669
549,676
549,803
549,851
549,885
549,914
553,34
553,36
553,37
553,38
553,44
553,63
553,89
553,91
553,157
553,168
553,188
553,189
553,200
553,242
553,263
553,264
553,280
553,282
553,317
553,328
553,332
553,337
553,341
553,370
553,399
553,406
553,411
553,414
553,416
553,421
553,422
553,424
553,441
553,444
553,479
553,490
553,492
553,523
553,525
553,555
553,667
553,675
553,681
553,707
553,784
553,799
553,806
553,808
553,815
553,851
555,5
555,7
555,25
555,29
555,33
555,34
555,37
555,44
555,52
555,53
555,63
555,76
555,83
555,89
555,91
555,94
555,126
555,157
555,168
555,173
555,248
555,253
555,257
555,263
555,276
555,280
555,315
555,317
555,359
555,369
555,371
555,394
555,411
555,416
555,424
555,428
555,442
555,444
555,496
555,510
555,523
555,595
555,776
558,63
558,76
558,89
558,91
558,157
558,163
558,173
558,210
558,263
558,317
558,328
558,350
558,398
558,404
558,416
558,421
558,439
558,444
558,450
558,479
558,496
558,523
558,669
558,707
558,776
560,7
560,8
560,9
560,29
560,34
560,36
560,38
560,63
560,91
560,136
560,157
560,168
560,188
560,200
560,242
560,253
560,263
560,264
560,280
560,282
560,317
560,337
560,370
560,371
560,398
560,399
560,406
560,409
560,411
560,416
560,428
560,442
560,444
560,457
560,479
560,490
560,491
560,492
560,525
560,555
560,675
560,808
560,851
560,885
560,918
561,16
561,19
561,58
561,60
561,63
561,76
561,93
561,94
561,129
561,143
561,168
561,173
561,196
561,211
561,247
561,248
561,257
561,263
561,314
561,399
561,403
561,412
561,416
561,427
561,428
561,430
561,473
561,496
561,500
561,605
563,63
563,94
563,168
563,173
563,247
563,263
563,279
563,310
563,371
563,399
563,412
563,416
563,421
563,428
563,496
563,506
563,566
563,776
565,34
565,44
565,55
565,56
565,57
565,58
565,59
565,63
565,89
565,91
565,127
565,157
565,173
565,196
565,231
565,242
565,246
565,250
565,263
565,276
565,291
565,317
565,330
565,341
565,350
565,362
565,401
565,411
565,414
565,416
565,428
565,442
565,444
565,453
565,479
565,496
565,503
565,523
565,534
565,710
567,17
567,19
567,37
567,63
567,88
567,89
567,91
567,98
567,129
567,157
567,173
567,200
567,211
567,225
567,231
567,242
567,246
567,253
567,257
567,263
567,317
567,337
567,340
567,350
567,365
567,369
567,372
567,403
567,406
567,411
567,414
567,416
567,421
567,428
567,444
567,496
567,512
567,523
571,10
571,34
571,36
571,53
571,63
571,91
571,94
571,129
571,154
571,168
571,188
571,242
571,247
571,263
571,280
571,282
571,304
571,332
571,369
571,399
571,400
571,411
571,416
571,421
571,490
571,492
571,506
571,539
571,555
571,675
571,806
571,807
571,808
571,851
576,1
576,34
576,60
576,63
576,85
576,93
576,94
576,129
576,157
576,168
576,247
576,248
576,263
576,280
576,317
576,399
576,411
576,412
576,416
576,428
576,473
576,490
576,492
576,500
576,797
576,851
576,917
579,7
579,8
579,9
579,34
579,60
579,63
579,87
579,93
579,94
579,129
579,157
579,247
579,248
579,263
579,264
579,282
579,317
579,359
579,409
579,411
579,412
579,416
579,428
579,430
579,473
579,500
579,797
579,851
579,917
584,58
584,59
584,63
584,120
584,173
584,196
584,253
584,263
584,304
584,310
584,311
584,333
584,416
584,419
584,430
584,496
584,556
584,573
586,24
586,33
586,34
586,36
586,38
586,63
586,76
586,91
586,202
586,224
586,247
586,263
586,331
586,345
586,402
586,412
586,416
586,428
586,437
586,523
586,528
586,532
586,572
586,583
586,667
586,675
586,684
586,707
586,803
586,851
586,885
589,29
589,36
589,38
589,63
589,64
589,173
589,202
589,206
589,210
589,224
589,263
589,279
589,370
589,398
589,404
589,405
589,411
589,412
589,416
589,442
589,491
589,496
589,529
589,534
589,565
589,684
589,693
593,40
593,55
593,56
593,57
593,58
593,59
593,63
593,71
593,94
593,127
593,173
593,188
593,196
593,202
593,247
593,250
593,263
593,291
593,323
593,330
593,352
593,362
593,399
593,412
593,416
593,482
593,496
593,503
593,506
593,605
598,33
598,42
598,63
598,76
598,85
598,87
598,120
598,153
598,173
598,202
598,232
598,263
598,279
598,331
598,371
598,372
598,398
598,402
598,412
598,416
598,421
598,430
598,438
598,442
598,496
598,523
598,693
598,776
601,11
601,20
601,63
601,84
601,85
601,87
601,173
601,192
601,253
601,263
601,372
601,408
601,416
601,430
601,435
601,451
601,496
601,521
601,528
601,544
604,7
604,9
604,20
604,29
604,33
604,34
604,36
604,37
604,51
604,53
604,63
604,85
604,87
604,129
604,157
604,192
604,200
604,202
604,209
604,242
604,263
604,264
604,280
604,282
604,306
604,317
604,337
604,369
604,370
604,406
604,409
604,416
604,422
604,428
604,430
604,435
604,451
604,491
604,506
604,512
604,521
604,523
604,525
604,527
604,528
604,675
604,679
604,707
604,710
604,776
604,851
604,916
606,29
606,60
606,63
606,85
606,93
606,94
606,157
606,161
606,168
606,173
606,211
606,247
606,248
606,253
606,263
606,317
606,399
606,412
606,416
606,428
606,430
606,473
606,496
606,500
609,52
609,53
609,63
609,76
609,83
609,94
609,123
609,126
609,168
609,247
609,257
609,263
609,310
609,315
609,394
609,399
609,412
609,416
609,488
609,506
609,517
609,806
609,807
609,808
609,809
609,851
609,885
609,915
612,10
612,34
612,36
612,38
612,44
612,57
612,63
612,89
612,91
612,129
612,157
612,163
612,200
612,206
612,242
612,263
612,280
612,317
612,332
612,337
612,370
612,372
612,398
612,404
612,406
612,411
612,416
612,421
612,434
612,442
612,490
612,523
612,525
612,555
612,707
612,784
612,799
612,851
612,885
614,8
614,34
614,36
614,37
614,38
614,57
614,58
614,59
614,63
614,89
614,91
614,154
614,157
614,163
614,168
614,181
614,189
614,196
614,232
614,242
614,263
614,264
614,276
614,280
614,317
614,332
614,333
614,341
614,352
614,362
614,370
614,404
614,411
614,416
614,419
614,421
614,423
614,444
614,453
614,523
614,524
614,555
614,556
614,583
614,675
614,710
614,776
614,851
614,885
614,886
615,20
615,34
615,36
615,58
615,59
615,62
615,63
615,76
615,163
615,196
615,229
615,246
615,263
615,333
615,352
615,398
615,400
615,416
615,419
615,420
615,430
615,512
615,573
615,813
615,851
615,861
615,886
617,34
617,51
617,63
617,71
617,72
617,98
617,129
617,141
617,173
617,188
617,202
617,263
617,341
617,369
617,405
617,409
617,411
617,412
617,416
617,474
617,491
617,496
617,522
617,594
620,1
620,36
620,38
620,63
620,91
620,129
620,136
620,154
620,252
620,263
620,264
620,280
620,282
620,317
620,332
620,340
620,369
620,370
620,395
620,396
620,398
620,409
620,410
620,411
620,416
620,444
620,490
620,512
620,813
620,851
620,861
620,885
620,918
621,5
621,7
621,9
621,10
621,34
621,44
621,53
621,57
621,63
621,89
621,91
621,157
621,163
621,173
621,188
621,200
621,231
621,232
621,242
621,257
621,263
621,276
621,279
621,317
621,337
621,371
621,399
621,406
621,411
621,416
621,421
621,422
621,424
621,430
621,441
621,442
621,496
621,514
621,523
621,525
621,555
621,707
623,1
623,5
623,7
623,8
623,9
623,19
623,34
623,36
623,38
623,58
623,63
623,76
623,85
623,89
623,91
623,94
623,157
623,168
623,189
623,196
623,223
623,247
623,263
623,264
623,280
623,282
623,310
623,317
623,325
623,359
623,370
623,409
623,411
623,414
623,416
623,428
623,430
623,444
623,451
623,479
623,490
623,506
623,523
623,566
623,667
623,707
623,776
623,809
623,815
623,851
625,10
625,36
625,63
625,91
625,163
625,168
625,206
625,210
625,232
625,263
625,280
625,317
625,332
625,372
625,398
625,399
625,400
625,403
625,404
625,411
625,416
625,421
625,430
625,442
625,444
625,490
625,492
625,514
625,555
625,675
625,796
625,808
625,851
626,30
626,31
626,33
626,34
626,57
626,89
626,157
626,173
626,200
626,224
626,253
626,263
626,276
626,279
626,317
626,341
626,370
626,371
626,372
626,398
626,416
626,428
626,442
626,444
626,496
626,514
626,523
626,528
626,543
626,667
626,675
626,684
626,707
628,17
628,19
628,34
628,36
628,37
628,38
628,63
628,64
628,129
628,143
628,157
628,163
628,232
628,257
628,263
628,276
628,306
628,314
628,317
628,332
628,369
628,370
628,403
628,413
628,416
628,421
628,428
628,442
628,512
628,542
628,814
628,851
630,16
630,19
630,36
630,38
630,63
630,129
630,143
630,168
630,198
630,247
630,253
630,257
630,263
630,282
630,314
630,317
630,332
630,365
630,369
630,399
630,403
630,413
630,416
630,492
630,512
630,542
630,555
630,675
630,808
630,814
630,851
631,7
631,9
631,20
631,33
631,34
631,53
631,76
631,83
631,91
631,122
631,126
631,154
631,163
631,168
631,173
631,202
631,257
631,263
631,276
631,315
631,317
631,394
631,409
631,411
631,416
631,421
631,450
631,496
631,510
631,517
631,675
631,680
631,693
631,707
632,11
632,44
632,91
632,157
632,173
632,210
632,232
632,242
632,263
632,276
632,317
632,404
632,412
632,416
632,421
632,422
632,430
632,442
632,444
632,450
632,496
632,514
632,707
635,19
635,21
635,29
635,33
635,34
635,36
635,44
635,53
635,56
635,57
635,63
635,83
635,89
635,126
635,157
635,161
635,168
635,200
635,225
635,242
635,257
635,263
635,304
635,317
635,369
635,372
635,399
635,406
635,407
635,411
635,414
635,416
635,422
635,423
635,424
635,428
635,430
635,434
635,444
635,458
635,512
635,523
635,525
635,555
635,675
635,707
635,784
635,799
635,808
635,814
635,851
637,16
637,19
637,34
637,36
637,38
637,52
637,53
637,63
637,76
637,83
637,94
637,126
637,141
637,172
637,202
637,257
637,263
637,314
637,315
637,369
637,394
637,398
637,403
637,405
637,416
637,428
637,450
637,488
637,512
637,522
637,528
637,542
637,552
637,679
637,806
637,814
637,851
637,884
637,885
638,24
638,34
638,36
638,38
638,63
638,98
638,129
638,206
638,232
638,263
638,280
638,332
638,370
638,396
638,398
638,403
638,404
638,410
638,411
638,416
638,428
638,430
638,442
638,444
638,514
638,521
638,533
638,684
638,776
638,796
638,851
638,918
639,24
639,34
639,36
639,38
639,63
639,89
639,98
639,129
639,157
639,206
639,263
639,280
639,317
639,332
639,350
639,370
639,396
639,398
639,403
639,404
639,411
639,414
639,416
639,428
639,442
639,444
639,479
639,514
639,523
639,533
639,667
639,684
639,707
639,851
639,918
640,24
640,34
640,36
640,38
640,63
640,76
640,98
640,129
640,202
640,206
640,263
640,280
640,331
640,332
640,345
640,348
640,370
640,396
640,402
640,403
640,404
640,410
640,411
640,412
640,416
640,428
640,437
640,444
640,514
640,533
640,669
640,684
640,803
640,851
640,885
640,918
641,16
641,19
641,34
641,36
641,37
641,44
641,63
641,94
641,168
641,188
641,196
641,242
641,253
641,257
641,263
641,280
641,282
641,310
641,311
641,314
641,326
641,359
641,369
641,399
641,403
641,411
641,416
641,479
641,482
641,492
641,512
641,542
641,808
641,846
641,851
641,886
642,9
642,19
642,34
642,36
642,37
642,44
642,63
642,84
642,85
642,87
642,94
642,168
642,188
642,242
642,253
642,263
642,280
642,282
642,310
642,311
642,351
642,359
642,369
642,399
642,411
642,416
642,428
642,430
642,435
642,451
642,479
642,482
642,492
642,512
642,521
642,527
642,528
642,555
642,684
642,808
642,847
642,851
642,916
643,19
643,34
643,36
643,38
643,53
643,63
643,76
643,83
643,94
643,126
643,129
643,157
643,163
643,200
643,225
643,242
643,246
643,247
643,257
643,263
643,304
643,311
643,315
643,317
643,326
643,337
643,394
643,406
643,411
643,414
643,416
643,421
643,424
643,428
643,434
643,444
643,488
643,525
643,551
643,558
643,776
643,784
643,799
643,814
643,815
643,851
644,9
644,19
644,34
644,36
644,38
644,63
644,85
644,87
644,94
644,129
644,157
644,163
644,200
644,225
644,242
644,246
644,247
644,263
644,264
644,280
644,304
644,311
644,317
644,337
644,406
644,411
644,414
644,416
644,421
644,422
644,428
644,430
644,434
644,444
644,451
644,521
644,525
644,528
644,550
644,559
644,776
644,784
644,799
644,814
644,851
644,916
645,19
645,34
645,36
645,63
645,89
645,91
645,94
645,157
645,188
645,189
645,200
645,242
645,263
645,280
645,311
645,317
645,326
645,328
645,341
645,359
645,369
645,411
645,414
645,416
645,444
645,479
645,482
645,523
645,707
645,815
645,848
645,851
646,19
646,34
646,36
646,58
646,59
646,63
646,94
646,129
646,157
646,163
646,196
646,200
646,225
646,246
646,247
646,263
646,304
646,311
646,317
646,332
646,333
646,337
646,406
646,411
646,414
646,416
646,419
646,421
646,423
646,428
646,430
646,434
646,442
646,444
646,525
646,549
646,573
646,776
646,784
646,799
646,814
646,851
647,24
647,36
647,38
647,56
647,57
647,61
647,63
647,129
647,196
647,206
647,263
647,280
647,330
647,332
647,352
647,370
647,396
647,398
647,401
647,403
647,404
647,410
647,411
647,416
647,444
647,453
647,514
647,533
647,548
647,684
647,710
647,812
647,851
647,885
647,886
647,918
648,7
648,8
648,9
648,60
648,63
648,85
648,87
648,93
648,94
648,98
648,129
648,247
648,263
648,264
648,280
648,282
648,304
648,369
648,370
648,409
648,411
648,412
648,416
648,421
648,428
648,444
648,473
648,490
648,496
648,497
648,512
648,547
648,574
648,583
648,605
648,813
648,851
648,914
649,19
649,53
649,58
649,59
649,63
649,76
649,85
649,87
649,94
649,98
649,120
649,129
649,141
649,161
649,173
649,192
649,202
649,210
649,232
649,263
649,299
649,369
649,372
649,399
649,404
649,405
649,412
649,416
649,421
649,428
649,430
649,441
649,442
649,488
649,496
649,527
649,546
649,565
652,9
652,22
652,33
652,34
652,36
652,38
652,42
652,44
652,63
652,76
652,89
652,91
652,129
652,157
652,189
652,202
652,205
652,232
652,242
652,263
652,264
652,280
652,282
652,317
652,331
652,332
652,337
652,338
652,341
652,345
652,359
652,364
652,370
652,398
652,402
652,409
652,411
652,412
652,416
652,421
652,428
652,437
652,442
652,444
652,452
652,479
652,490
652,520
652,523
652,667
652,707
652,776
652,803
652,851
652,885
655,7
655,9
655,10
655,36
655,52
655,53
655,60
655,63
655,76
655,83
655,94
655,126
655,129
655,168
655,189
655,247
655,248
655,257
655,263
655,304
655,307
655,315
655,341
655,394
655,411
655,416
655,428
655,473
655,488
655,492
655,500
655,506
655,519
655,595
655,605
655,797
655,807
655,815
655,851
655,917
658,1
658,8
658,36
658,55
658,56
658,57
658,58
658,59
658,63
658,91
658,98
658,122
658,127
658,129
658,157
658,168
658,189
658,196
658,206
658,263
658,280
658,308
658,311
658,317
658,326
658,332
658,340
658,341
658,352
658,369
658,399
658,400
658,416
658,425
658,441
658,479
658,482
658,490
658,496
658,512
658,518
658,594
658,710
658,851
658,885
658,886
658,918
663,19
663,36
663,38
663,52
663,53
663,63
663,64
663,76
663,83
663,98
663,126
663,129
663,168
663,211
663,257
663,263
663,314
663,315
663,332
663,364
663,369
663,394
663,403
663,413
663,416
663,488
663,512
663,542
663,814
663,851
663,915
663,918
668,29
668,33
668,34
668,36
668,38
668,52
668,53
668,63
668,76
668,83
668,91
668,126
668,129
668,168
668,189
668,242
668,257
668,263
668,304
668,315
668,394
668,399
668,416
668,422
668,424
668,488
668,497
668,510
668,512
668,523
668,528
668,555
668,706
668,807
668,851
668,885
668,915
671,22
671,33
671,63
671,75
671,76
671,80
671,94
671,129
671,202
671,263
671,345
671,402
671,412
671,416
671,500
671,572
671,574
671,577
671,584
671,585
671,605
671,676
671,802
671,851
671,885
671,886
671,914
671,917
673,22
673,33
673,34
673,36
673,38
673,57
673,63
673,75
673,76
673,89
673,91
673,157
673,189
673,202
673,263
673,280
673,331
673,332
673,341
673,345
673,348
673,402
673,412
673,416
673,428
673,437
673,523
673,528
673,532
673,583
673,667
673,675
673,707
673,803
673,851
673,885
675,5
675,7
675,8
675,9
675,25
675,33
675,34
675,57
675,63
675,89
675,91
675,157
675,163
675,168
675,173
675,188
675,200
675,206
675,233
675,242
675,253
675,263
675,276
675,279
675,280
675,292
675,304
675,317
675,337
675,359
675,370
675,371
675,398
675,399
675,400
675,404
675,409
675,411
675,416
675,418
675,421
675,428
675,441
675,442
675,444
675,490
675,492
675,496
675,509
675,514
675,523
675,555
675,663
675,675
675,707
681,33
681,63
681,157
681,163
681,173
681,206
681,210
681,247
681,263
681,280
681,332
681,370
681,400
681,403
681,416
681,421
681,425
681,427
681,430
681,442
681,457
681,496
681,514
681,533
681,669
681,693
685,33
685,53
685,57
685,63
685,85
685,87
685,94
685,168
685,173
685,263
685,409
685,412
685,416
685,496
685,577
685,583
685,584
685,605
687,33
687,35
687,53
687,60
687,63
687,64
687,85
687,94
687,129
687,157
687,163
687,168
687,248
687,263
687,276
687,282
687,332
687,365
687,371
687,399
687,400
687,416
687,427
687,473
687,492
687,500
687,675
687,679
687,710
687,797
687,808
687,851
687,885
687,917
689,10
689,55
689,57
689,58
689,59
689,63
689,89
689,91
689,130
689,154
689,157
689,163
689,168
689,173
689,188
689,189
689,196
689,206
689,210
689,238
689,246
689,250
689,253
689,263
689,276
689,280
689,291
689,317
689,330
689,337
689,341
689,350
689,371
689,372
689,398
689,404
689,411
689,414
689,416
689,421
689,444
689,482
689,496
689,503
689,523
689,534
689,693
689,710
691,33
691,36
691,51
691,55
691,56
691,57
691,63
691,85
691,87
691,127
691,168
691,188
691,189
691,196
691,200
691,247
691,250
691,263
691,330
691,341
691,342
691,352
691,401
691,406
691,411
691,416
691,434
691,441
691,474
691,482
691,491
691,503
691,525
691,583
691,710
691,799
691,812
691,851
691,886
693,34
693,36
693,55
693,56
693,57
693,58
693,59
693,63
693,127
693,152
693,157
693,168
693,188
693,189
693,196
693,247
693,263
693,311
693,330
693,340
693,341
693,352
693,369
693,396
693,399
693,406
693,411
693,416
693,430
693,453
693,474
693,479
693,482
693,710
693,812
693,851
693,884
693,886
695,1
695,5
695,7
695,9
695,25
695,57
695,63
695,76
695,84
695,85
695,87
695,91
695,98
695,129
695,157
695,173
695,189
695,231
695,263
695,304
695,311
695,317
695,369
695,399
695,406
695,411
695,416
695,435
695,490
695,496
695,521
695,523
695,527
695,528
695,570
695,693
695,784
697,23
697,33
697,34
697,37
697,44
697,63
697,89
697,91
697,157
697,173
697,200
697,231
697,242
697,246
697,263
697,276
697,280
697,304
697,317
697,337
697,350
697,370
697,372
697,399
697,406
697,414
697,416
697,422
697,423
697,424
697,428
697,442
697,444
697,457
697,496
697,523
697,525
697,583
697,667
697,693
697,706
697,707
697,784
699,34
699,58
699,59
699,62
699,63
699,85
699,87
699,89
699,94
699,157
699,173
699,181
699,196
699,200
699,231
699,246
699,263
699,304
699,311
699,317
699,333
699,341
699,350
699,399
699,414
699,416
699,419
699,428
699,430
699,442
699,444
699,496
699,523
699,573
700,33
700,34
700,36
700,38
700,44
700,63
700,91
700,94
700,98
700,99
700,129
700,130
700,247
700,263
700,304
700,311
700,343
700,345
700,387
700,416
700,473
700,500
700,574
700,577
700,583
700,585
700,605
700,802
700,851
700,885
700,914
701,7
701,9
701,17
701,19
701,33
701,34
701,36
701,63
701,91
701,129
701,136
701,143
701,157
701,168
701,206
701,253
701,263
701,264
701,280
701,317
701,332
701,340
701,369
701,370
701,398
701,404
701,409
701,411
701,413
701,416
701,428
701,442
701,444
701,490
701,512
701,560
701,675
701,679
701,776
701,814
701,851
701,885
701,918
703,33
703,34
703,36
703,38
703,63
703,94
703,157
703,246
703,263
703,317
703,328
703,350
703,408
703,414
703,416
703,430
703,442
703,444
703,479
703,585
703,605
703,707
703,776
703,800
703,802
703,851
706,7
706,9
706,33
706,34
706,36
706,53
706,55
706,56
706,57
706,58
706,59
706,63
706,71
706,85
706,87
706,89
706,126
706,157
706,188
706,200
706,225
706,263
706,264
706,282
706,311
706,330
706,337
706,341
706,342
706,352
706,364
706,401
706,406
706,411
706,416
706,434
706,438
706,482
706,491
706,503
706,523
706,525
706,707
706,776
706,784
706,806
706,851
706,886
711,53
711,63
711,75
711,76
711,94
711,126
711,153
711,157
711,168
711,173
711,188
711,202
711,247
711,263
711,310
711,331
711,399
711,402
711,411
711,412
711,416
711,425
711,438
711,492
711,496
711,506
711,566
711,585
711,595
711,693
713,33
713,34
713,36
713,38
713,44
713,56
713,57
713,58
713,59
713,63
713,89
713,157
713,181
713,196
713,229
713,242
713,263
713,317
713,333
713,416
713,419
713,423
713,430
713,442
713,444
713,523
713,556
713,667
713,707
713,776
713,851
713,861
713,886
715,16
715,17
715,19
715,33
715,34
715,36
715,38
715,44
715,53
715,63
715,71
715,76
715,94
715,129
715,141
715,168
715,200
715,247
715,253
715,257
715,263
715,280
715,304
715,314
715,332
715,337
715,352
715,369
715,399
715,403
715,404
715,406
715,411
715,416
715,421
715,434
715,512
715,525
715,528
715,542
715,586
715,784
715,814
715,851
715,917
716,33
716,34
716,36
716,62
716,63
716,85
716,87
716,94
716,129
716,157
716,173
716,200
716,224
716,263
716,304
716,370
716,400
716,411
716,416
716,428
716,430
716,473
716,496
716,532
716,577
716,583
716,585
716,605
716,684
717,16
717,19
717,34
717,63
717,94
717,129
717,143
717,157
717,168
717,173
717,211
717,247
717,257
717,263
717,304
717,337
717,369
717,371
717,389
717,399
717,403
717,407
717,411
717,416
717,421
717,428
717,492
717,496
717,512
717,542
717,555
717,566
717,613
718,20
718,34
718,44
718,63
718,89
718,91
718,129
718,157
718,173
718,200
718,225
718,231
718,242
718,263
718,276
718,280
718,304
718,371
718,406
718,411
718,414
718,416
718,428
718,444
718,482
718,496
718,514
718,523
718,614
718,615
718,616
718,667
718,687
718,707
718,784
719,33
719,34
719,36
719,63
719,94
719,129
719,157
719,246
719,263
719,317
719,328
719,408
719,414
719,416
719,430
719,444
719,473
719,479
719,500
719,523
719,577
719,583
719,585
719,591
719,605
719,776
719,800
719,802
719,815
719,851
720,7
720,8
720,9
720,36
720,60
720,63
720,85
720,93
720,94
720,129
720,168
720,247
720,248
720,263
720,264
720,280
720,282
720,310
720,317
720,399
720,409
720,411
720,412
720,416
720,428
720,441
720,473
720,492
720,566
720,593
720,675
720,797
720,806
720,808
720,851
720,917
721,23
721,34
721,36
721,38
721,53
721,55
721,56
721,63
721,76
721,83
721,89
721,91
721,126
721,153
721,157
721,188
721,257
721,263
721,280
721,311
721,315
721,317
721,341
721,352
721,394
721,411
721,414
721,416
721,422
721,424
721,430
721,444
721,479
721,482
721,488
721,503
721,510
721,523
721,528
721,592
721,707
721,710
721,776
721,815
721,851
724,33
724,36
724,63
724,64
724,75
724,76
724,129
724,202
724,206
724,247
724,263
724,264
724,280
724,282
724,310
724,314
724,317
724,331
724,332
724,338
724,345
724,348
724,365
724,369
724,370
724,389
724,396
724,402
724,403
724,411
724,412
724,413
724,416
724,421
724,425
724,437
724,479
724,490
724,506
724,512
724,520
724,542
724,566
724,662
724,669
724,670
724,803
724,806
724,809
724,814
724,851
724,885
724,918
727,7
727,9
727,10
727,24
727,34
727,36
727,37
727,38
727,44
727,52
727,53
727,63
727,83
727,89
727,122
727,126
727,141
727,154
727,168
727,200
727,238
727,242
727,257
727,263
727,264
727,280
727,282
727,307
727,315
727,332
727,369
727,370
727,394
727,399
727,409
727,411
727,416
727,421
727,424
727,442
727,488
727,490
727,512
727,519
727,523
727,555
727,663
727,675
727,707
727,807
727,808
727,815
727,851
727,885
727,915
730,1
730,34
730,55
730,56
730,57
730,58
730,59
730,61
730,63
730,94
730,127
730,129
730,196
730,247
730,250
730,253
730,263
730,304
730,308
730,311
730,352
730,412
730,416
730,453
730,500
730,512
730,518
730,574
730,577
730,583
730,585
730,605
730,664
730,710
730,802
730,812
730,813
730,851
730,861
730,886
730,914
730,917
733,19
733,31
733,36
733,63
733,64
733,65
733,129
733,168
733,249
733,253
733,257
733,263
733,280
733,282
733,304
733,314
733,315
733,331
733,332
733,350
733,365
733,369
733,402
733,403
733,413
733,416
733,430
733,441
733,479
733,488
733,497
733,512
733,542
733,675
733,690
733,814
733,851
733,915
738,11
738,19
738,36
738,44
738,63
738,76
738,85
738,87
738,91
738,129
738,189
738,192
738,209
738,242
738,263
738,341
738,398
738,403
738,404
738,405
738,412
738,416
738,430
738,435
738,450
738,451
738,512
738,521
738,522
738,523
738,527
738,528
738,679
738,806
738,851
738,884
738,916
740,8
740,9
740,21
740,34
740,36
740,58
740,59
740,61
740,63
740,89
740,91
740,129
740,152
740,157
740,168
740,189
740,196
740,223
740,249
740,263
740,264
740,280
740,282
740,317
740,341
740,370
740,371
740,409
740,411
740,416
740,419
740,428
740,441
740,442
740,523
740,665
740,707
740,710
740,776
740,851
740,861
740,886
740,918
741,1
741,19
741,36
741,64
741,129
741,196
741,263
741,314
741,332
741,369
741,403
741,512
741,542
741,686
741,814
741,851
741,885
741,914
745,33
745,34
745,36
745,38
745,44
745,88
745,91
745,98
745,129
745,157
745,189
745,242
745,263
745,280
745,304
745,317
745,350
745,370
745,389
745,414
745,416
745,422
745,424
745,428
745,442
745,444
745,523
745,529
745,555
745,583
745,706
745,707
745,709
745,851
745,885
748,34
748,40
748,42
748,44
748,56
748,57
748,58
748,59
748,63
748,64
748,188
748,196
748,263
748,330
748,341
748,352
748,398
748,416
748,441
748,474
748,479
748,482
748,491
748,506
748,679
748,710
748,851
748,861
748,884
748,886
750,23
750,24
750,25
750,34
750,36
750,38
750,63
750,70
750,89
750,157
750,189
750,249
750,263
750,276
750,317
750,328
750,341
750,370
750,411
750,414
750,416
750,442
750,444
750,479
750,490
750,523
750,667
750,707
750,776
750,808
750,851
754,36
754,63
754,75
754,76
754,141
754,163
754,202
754,206
754,210
754,263
754,280
754,282
754,311
754,331
754,345
754,348
754,398
754,400
754,402
754,404
754,412
754,416
754,437
754,450
754,490
754,572
754,669
754,670
754,676
754,803
754,806
754,851
754,885
758,1
758,10
758,34
758,36
758,52
758,53
758,63
758,123
758,126
758,129
758,141
758,168
758,188
758,189
758,257
758,263
758,282
758,304
758,305
758,315
758,337
758,342
758,394
758,398
758,406
758,416
758,421
758,424
758,441
758,474
758,482
758,491
758,492
758,510
758,512
758,680
758,784
758,799
758,806
758,807
758,851
758,885
758,915
760,5
760,8
760,9
760,20
760,25
760,33
760,34
760,36
760,37
760,38
760,63
760,70
760,89
760,157
760,173
760,263
760,276
760,279
760,280
760,317
760,337
760,359
760,370
760,371
760,409
760,411
760,416
760,421
760,428
760,442
760,490
760,496
760,523
760,663
760,667
760,693
760,707
760,776
763,23
763,36
763,63
763,75
763,76
763,129
763,136
763,202
763,229
763,263
763,282
763,331
763,345
763,369
763,402
763,412
763,416
763,428
763,437
763,438
763,490
763,512
763,572
763,577
763,583
763,605
763,669
763,688
763,803
763,813
763,851
763,885
764,20
764,22
764,35
764,63
764,76
764,80
764,129
764,168
764,202
764,263
764,282
764,331
764,345
764,369
764,402
764,412
764,500
764,512
764,572
764,574
764,577
764,583
764,605
764,676
764,803
764,851
764,885
764,914
765,34
765,36
765,60
765,63
765,85
765,87
765,89
765,93
765,94
765,129
765,157
765,247
765,248
765,263
765,280
765,282
765,304
765,411
765,412
765,416
765,428
765,451
765,473
765,492
765,500
765,523
765,797
765,851
765,885
765,886
765,917
766,33
766,34
766,36
766,37
766,38
766,63
766,89
766,157
766,168
766,247
766,249
766,253
766,263
766,264
766,280
766,282
766,317
766,369
766,370
766,402
766,409
766,410
766,411
766,412
766,416
766,441
766,442
766,479
766,490
766,512
766,523
766,527
766,851
766,885
766,886
766,918
768,42
768,57
768,58
768,59
768,63
768,127
768,129
768,141
768,157
768,163
768,173
768,188
768,196
768,206
768,210
768,249
768,263
768,280
768,291
768,317
768,330
768,341
768,370
768,371
768,372
768,389
768,398
768,399
768,404
768,405
768,411
768,416
768,421
768,442
768,450
768,474
768,482
768,496
768,503
768,522
768,529
768,534
768,555
768,660
768,675
768,710
770,34
770,63
770,71
770,72
770,89
770,94
770,157
770,188
770,189
770,202
770,247
770,263
770,310
770,317
770,328
770,341
770,412
770,414
770,416
770,430
770,444
770,506
770,523
770,809
770,815
770,851
770,886
772,33
772,36
772,38
772,63
772,129
772,157
772,161
772,173
772,196
772,263
772,306
772,332
772,337
772,369
772,371
772,403
772,404
772,416
772,421
772,442
772,458
772,496
773,33
773,36
773,38
773,44
773,53
773,57
773,58
773,63
773,85
773,120
773,129
773,153
773,157
773,161
773,173
773,196
773,200
773,211
773,242
773,247
773,257
773,263
773,304
773,305
773,306
773,332
773,337
773,369
773,371
773,403
773,404
773,416
773,421
773,422
773,423
773,424
773,428
773,430
773,442
773,458
773,496
773,555
773,706
773,718
775,21
775,34
775,36
775,37
775,38
775,63
775,89
775,157
775,168
775,205
775,229
775,232
775,263
775,280
775,282
775,317
775,369
775,389
775,402
775,416
775,421
775,428
775,441
775,442
775,452
775,490
775,512
775,523
775,583
775,707
775,851
775,861
775,885
776,5
776,25
776,33
776,34
776,52
776,53
776,63
776,76
776,83
776,89
776,123
776,126
776,153
776,173
776,200
776,231
776,253
776,257
776,263
776,279
776,304
776,315
776,317
776,337
776,371
776,406
776,411
776,416
776,430
776,442
776,444
776,474
776,496
776,510
776,523
776,693
776,704
776,707
776,776
778,10
778,36
778,63
778,85
778,87
778,94
778,141
778,163
778,168
778,202
778,247
778,263
778,310
778,399
778,404
778,409
778,416
778,421
778,425
778,452
778,506
778,566
778,577
778,583
778,605
778,807
778,851
778,884
778,885
779,36
779,44
779,55
779,56
779,57
779,58
779,59
779,63
779,93
779,94
779,127
779,196
779,242
779,250
779,263
779,310
779,352
779,401
779,416
779,423
779,453
779,473
779,474
779,706
779,710
779,797
779,812
779,834
779,851
779,886
779,917
780,19
780,53
780,56
780,57
780,58
780,59
780,63
780,76
780,85
780,87
780,89
780,126
780,129
780,157
780,173
780,196
780,200
780,211
780,225
780,239
780,247
780,253
780,257
780,263
780,276
780,304
780,326
780,337
780,406
780,411
780,412
780,416
780,421
780,496
780,497
780,523
780,542
780,555
780,583
780,707
780,784
781,21
781,35
781,56
781,57
781,63
781,71
781,72
781,76
781,89
781,157
781,168
781,173
781,202
781,229
781,247
781,250
781,263
781,280
781,310
781,330
781,362
781,371
781,372
781,412
781,416
781,421
781,430
781,438
781,442
781,482
781,496
781,506
781,523
781,566
781,669
781,677
781,693
781,710
781,776
784,7
784,8
784,9
784,29
784,33
784,34
784,36
784,38
784,53
784,63
784,89
784,157
784,200
784,206
784,232
784,263
784,264
784,280
784,304
784,317
784,332
784,337
784,370
784,396
784,398
784,404
784,406
784,409
784,410
784,411
784,416
784,421
784,430
784,434
784,442
784,523
784,525
784,586
784,675
784,691
784,707
784,776
784,784
784,799
784,851
784,918
785,9
785,19
785,63
785,84
785,85
785,87
785,98
785,129
785,168
785,173
785,206
785,209
785,211
785,263
785,304
785,351
785,369
785,372
785,413
785,416
785,435
785,442
785,496
785,500
785,512
785,521
785,527
785,528
785,584
785,605
786,60
786,63
786,85
786,87
786,93
786,94
786,168
786,173
786,247
786,248
786,263
786,310
786,326
786,411
786,412
786,416
786,427
786,473
786,496
786,500
786,577
786,583
786,585
786,605
787,5
787,30
787,63
787,72
787,76
787,130
787,157
787,173
787,202
787,206
787,224
787,249
787,263
787,276
787,279
787,280
787,317
787,331
787,370
787,371
787,402
787,411
787,412
787,416
787,428
787,444
787,452
787,496
787,500
787,532
787,555
787,605
787,663
787,667
787,670
787,684
787,693
788,8
788,55
788,56
788,57
788,58
788,59
788,63
788,127
788,173
788,196
788,247
788,250
788,263
788,291
788,330
788,352
788,362
788,416
788,496
788,500
788,503
788,574
788,577
788,583
788,585
788,605
788,684
791,34
791,36
791,38
791,53
791,63
791,76
791,83
791,85
791,87
791,89
791,94
791,126
791,129
791,157
791,200
791,232
791,242
791,248
791,263
791,282
791,304
791,317
791,370
791,394
791,411
791,416
791,428
791,430
791,442
791,444
791,473
791,488
791,523
791,528
791,555
791,706
791,713
791,796
791,797
791,800
791,851
792,19
792,58
792,59
792,63
792,76
792,85
792,87
792,93
792,94
792,129
792,138
792,196
792,247
792,248
792,257
792,263
792,332
792,403
792,411
792,416
792,421
792,451
792,473
792,506
792,512
792,539
792,566
792,585
792,605
792,714
792,797
792,800
792,809
792,814
792,851
793,1
793,29
793,34
793,35
793,51
793,85
793,87
793,94
793,157
793,173
793,188
793,263
793,317
793,398
793,408
793,428
793,440
793,441
793,442
793,457
793,473
793,474
793,482
793,491
793,492
793,496
793,499
793,506
793,605
793,693
794,5
794,8
794,9
794,34
794,89
794,141
794,157
794,173
794,200
794,206
794,223
794,233
794,263
794,264
794,276
794,279
794,280
794,317
794,340
794,359
794,370
794,371
794,398
794,409
794,416
794,442
794,444
794,490
794,496
794,523
794,565
794,612
794,663
794,667
794,679
794,707
795,23
795,24
795,58
795,59
795,63
795,129
795,136
795,167
795,173
795,196
795,200
795,206
795,229
795,263
795,280
795,340
795,364
795,369
795,370
795,372
795,398
795,405
795,411
795,416
795,450
795,490
795,492
795,496
795,527
795,529
795,675
795,679
796,9
796,35
796,63
796,76
796,84
796,85
796,87
796,173
796,192
796,209
796,263
796,351
796,412
796,416
796,435
796,438
796,496
796,521
796,527
796,528
796,605
796,693
797,19
797,33
797,34
797,38
797,53
797,63
797,71
797,72
797,76
797,89
797,120
797,126
797,130
797,157
797,173
797,202
797,224
797,263
797,276
797,402
797,403
797,412
797,416
797,428
797,430
797,442
797,444
797,479
797,496
797,512
797,523
797,684
797,693
797,707
798,15
798,75
798,173
798,202
798,206
798,210
798,280
798,314
798,332
798,348
798,400
798,403
798,404
798,410
798,416
798,427
798,496
798,533
798,669
798,684
799,5
799,23
799,25
799,34
799,37
799,44
799,53
799,63
799,89
799,126
799,157
799,168
799,173
799,188
799,200
799,231
799,242
799,257
799,263
799,280
799,282
799,317
799,337
799,359
799,371
799,398
799,399
799,406
799,407
799,409
799,416
799,421
799,442
799,444
799,482
799,496
799,523
799,525
799,555
799,562
799,667
799,693
799,707
799,776
800,34
800,63
800,76
800,89
800,93
800,94
800,129
800,157
800,163
800,168
800,200
800,232
800,248
800,257
800,263
800,280
800,282
800,304
800,317
800,332
800,350
800,399
800,400
800,404
800,406
800,408
800,414
800,416
800,421
800,427
800,430
800,442
800,444
800,451
800,473
800,500
800,523
800,684
800,706
800,711
800,722
800,797
800,800
800,851
801,34
801,36
801,58
801,60
801,62
801,63
801,76
801,85
801,94
801,129
801,192
801,205
801,206
801,247
801,263
801,280
801,396
801,411
801,412
801,416
801,428
801,430
801,442
801,451
801,473
801,500
801,521
801,527
801,574
801,577
801,583
801,605
801,705
801,796
801,802
801,851
801,861
802,5
802,7
802,8
802,9
802,25
802,63
802,129
802,157
802,168
802,173
802,200
802,206
802,247
802,263
802,276
802,279
802,280
802,299
802,317
802,325
802,340
802,364
802,370
802,371
802,372
802,389
802,395
802,396
802,398
802,409
802,411
802,416
802,421
802,425
802,428
802,442
802,444
802,490
802,492
802,496
802,506
802,512
802,566
802,675
802,712
804,19
804,31
804,42
804,51
804,53
804,63
804,64
804,85
804,126
804,129
804,141
804,168
804,173
804,188
804,200
804,231
804,253
804,257
804,263
804,314
804,337
804,369
804,372
804,398
804,399
804,403
804,404
804,406
804,407
804,416
804,421
804,440
804,441
804,474
804,482
804,496
804,506
804,512
804,555
804,565
804,675
804,684
804,784
805,23
805,25
805,33
805,34
805,36
805,38
805,88
805,89
805,157
805,173
805,263
805,276
805,317
805,350
805,416
805,428
805,430
805,442
805,444
805,496
805,523
805,667
805,693
805,707
805,776
806,7
806,52
806,53
806,63
806,76
806,83
806,94
806,120
806,126
806,168
806,173
806,247
806,253
806,257
806,263
806,310
806,315
806,350
806,371
806,399
806,421
806,428
806,473
806,492
806,496
806,500
806,510
806,595
806,720
807,5
807,6
807,7
807,9
807,10
807,25
807,63
807,85
807,87
807,98
807,129
807,154
807,163
807,173
807,200
807,206
807,209
807,231
807,252
807,263
807,276
807,279
807,280
807,299
807,340
807,370
807,372
807,396
807,409
807,411
807,416
807,435
807,490
807,496
807,512
807,521
807,527
807,528
807,555
807,583
807,612
807,675
807,693
807,721
809,5
809,8
809,9
809,25
809,29
809,34
809,58
809,63
809,76
809,84
809,85
809,87
809,89
809,120
809,157
809,173
809,223
809,263
809,276
809,280
809,317
809,416
809,430
809,435
809,442
809,496
809,663
809,667
809,693
809,742
809,776
812,10
812,21
812,34
812,36
812,38
812,63
812,75
812,76
812,89
812,129
812,168
812,202
812,206
812,253
812,263
812,264
812,280
812,282
812,304
812,331
812,338
812,341
812,345
812,369
812,402
812,409
812,411
812,412
812,414
812,416
812,437
812,452
812,458
812,490
812,512
812,520
812,523
812,555
812,586
812,667
812,669
812,707
812,776
812,778
812,785
812,803
812,851
812,885
815,7
815,24
815,29
815,33
815,36
815,38
815,52
815,53
815,63
815,83
815,98
815,126
815,129
815,189
815,247
815,257
815,263
815,307
815,311
815,315
815,340
815,341
815,364
815,369
815,394
815,411
815,416
815,424
815,428
815,441
815,442
815,479
815,488
815,490
815,512
815,519
815,555
815,780
815,807
815,815
815,851
815,885
815,915
818,1
818,20
818,36
818,55
818,56
818,57
818,58
818,59
818,63
818,127
818,129
818,196
818,247
818,250
818,263
818,308
818,311
818,314
818,330
818,333
818,341
818,352
818,369
818,389
818,399
818,403
818,410
818,416
818,479
818,503
818,512
818,518
818,710
818,745
818,784
818,806
818,812
818,851
818,886
823,19
823,31
823,34
823,36
823,38
823,63
823,64
823,65
823,129
823,168
823,211
823,232
823,263
823,314
823,332
823,365
823,369
823,403
823,413
823,416
823,430
823,442
823,542
823,681
823,776
823,796
823,814
823,851
826,60
826,63
826,76
826,93
826,94
826,141
826,173
826,202
826,247
826,248
826,263
826,369
826,371
826,405
826,412
826,416
826,427
826,428
826,473
826,496
826,500
826,522
826,776
832,24
832,25
832,29
832,33
832,34
832,36
832,38
832,63
832,173
832,263
832,340
832,371
832,387
832,416
832,428
832,496
832,514
832,528
832,776
834,29
834,33
834,34
834,36
834,38
834,44
834,55
834,56
834,57
834,58
834,59
834,63
834,89
834,91
834,127
834,157
834,206
834,242
834,250
834,263
834,317
834,328
834,330
834,341
834,350
834,352
834,398
834,414
834,416
834,423
834,444
834,457
834,523
834,525
834,534
834,667
834,675
834,684
834,707
834,710
834,746
834,776
834,800
834,806
834,851
834,861
834,886
836,33
836,44
836,63
836,85
836,87
836,91
836,129
836,173
836,209
836,242
836,253
836,263
836,304
836,416
836,422
836,424
836,496
836,521
836,528
836,555
836,583
836,609
836,706
839,7
839,33
839,34
839,36
839,53
839,63
839,76
839,83
839,89
839,91
839,126
839,157
839,189
839,229
839,246
839,257
839,263
839,315
839,317
839,328
839,350
839,394
839,408
839,414
839,416
839,442
839,444
839,479
839,488
839,503
839,510
839,523
839,667
839,776
839,800
839,815
839,851
839,915
841,17
841,19
841,36
841,63
841,76
841,200
841,202
841,225
841,239
841,263
841,310
841,331
841,332
841,345
841,369
841,402
841,403
841,406
841,407
841,412
841,416
841,434
841,437
841,491
841,512
841,788
841,803
841,814
841,851
841,884
841,885
842,23
842,29
842,34
842,36
842,63
842,76
842,89
842,200
842,202
842,263
842,310
842,331
842,345
842,402
842,406
842,412
842,416
842,428
842,434
842,437
842,442
842,523
842,525
842,667
842,707
842,776
842,787
842,803
842,851
842,884
842,885
844,21
844,29
844,34
844,35
844,36
844,63
844,89
844,91
844,157
844,189
844,200
844,263
844,317
844,328
844,341
844,342
844,350
844,414
844,416
844,422
844,424
844,428
844,442
844,444
844,523
844,529
844,542
844,667
844,693
844,776
844,799
844,806
844,815
844,851
845,19
845,31
845,36
845,37
845,55
845,56
845,57
845,58
845,59
845,63
845,64
845,65
845,168
845,196
845,250
845,253
845,263
845,291
845,311
845,314
845,332
845,352
845,365
845,403
845,413
845,416
845,512
845,542
845,675
845,710
845,814
845,851
845,884
845,886
847,31
847,36
847,38
847,44
847,56
847,57
847,58
847,59
847,63
847,64
847,127
847,129
847,242
847,250
847,263
847,280
847,291
847,352
847,370
847,398
847,416
847,423
847,453
847,529
847,675
847,706
847,710
847,799
847,812
847,851
847,886
849,7
849,9
849,36
849,51
849,63
849,84
849,85
849,87
849,129
849,168
849,188
849,209
849,253
849,263
849,280
849,304
849,342
849,351
849,398
849,409
849,416
849,422
849,435
849,441
849,451
849,474
849,482
849,491
849,500
849,506
849,521
849,527
849,528
849,555
849,562
849,586
849,609
849,675
849,786
849,851
849,885
849,917
851,21
851,35
851,44
851,52
851,53
851,63
851,76
851,83
851,126
851,141
851,172
851,173
851,242
851,257
851,263
851,315
851,394
851,404
851,405
851,416
851,422
851,424
851,438
851,450
851,474
851,496
851,503
851,517
851,595
851,679
851,680
851,682
851,693
853,5
853,8
853,20
853,34
853,56
853,57
853,63
853,66
853,91
853,127
853,173
853,190
853,249
853,250
853,263
853,276
853,279
853,280
853,291
853,330
853,341
853,362
853,364
853,370
853,371
853,409
853,411
853,416
853,496
853,514
853,693
853,707
853,710
855,60
855,63
855,72
855,94
855,202
855,247
855,263
855,310
855,345
855,389
855,399
855,416
855,473
855,492
855,500
855,506
855,566
855,809
855,851
858,60
858,63
858,93
858,94
858,129
858,202
858,247
858,248
858,263
858,345
858,399
858,416
858,421
858,427
858,473
858,500
858,574
858,577
858,583
858,605
858,693
858,797
858,802
858,851
858,917
861,7
861,8
861,9
861,34
861,36
861,44
861,63
861,141
861,168
861,242
861,252
861,263
861,264
861,280
861,359
861,372
861,389
861,399
861,409
861,411
861,416
861,421
861,490
861,492
861,577
861,583
861,605
861,675
861,707
861,776
861,789
861,793
861,807
861,808
861,851
861,885
861,886
862,5
862,7
862,8
862,9
862,15
862,25
862,29
862,33
862,34
862,36
862,38
862,42
862,57
862,58
862,59
862,63
862,66
862,70
862,85
862,87
862,91
862,122
862,129
862,154
862,163
862,168
862,173
862,196
862,231
862,238
862,247
862,249
862,250
862,263
862,279
862,280
862,304
862,341
862,343
862,351
862,352
862,370
862,371
862,372
862,400
862,402
862,404
862,416
862,421
862,440
862,441
862,451
862,496
862,514
862,555
862,675
862,707
862,776
864,33
864,34
864,42
864,55
864,56
864,57
864,58
864,59
864,61
864,63
864,70
864,89
864,91
864,94
864,120
864,141
864,153
864,157
864,173
864,196
864,202
864,246
864,247
864,249
864,250
864,263
864,279
864,310
864,317
864,333
864,350
864,352
864,362
864,408
864,414
864,416
864,444
864,496
864,503
864,506
864,523
864,675
864,707
864,710
865,13
865,15
865,19
865,21
865,31
865,34
865,36
865,38
865,64
865,99
865,129
865,130
865,163
865,173
865,210
865,211
865,249
865,263
865,276
865,279
865,280
865,282
865,348
865,370
865,372
865,398
865,413
865,496
865,514
865,660
865,669
865,675
865,693
865,794
866,1
866,3
866,5
866,8
866,24
866,25
866,34
866,36
866,38
866,58
866,59
866,60
866,63
866,66
866,76
866,85
866,87
866,93
866,94
866,99
866,130
866,168
866,173
866,196
866,229
866,247
866,248
866,253
866,263
866,280
866,333
866,371
866,389
866,409
866,411
866,412
866,416
866,419
866,420
866,428
866,473
866,492
866,496
866,500
866,573
866,605
866,707
867,21
867,63
867,89
867,94
867,157
867,168
867,173
867,247
867,263
867,279
867,310
867,317
867,328
867,350
867,371
867,399
867,406
867,412
867,414
867,416
867,421
867,428
867,444
867,496
867,506
867,523
867,566
867,693
867,776
869,33
869,63
869,76
869,94
869,202
869,263
869,345
869,409
869,412
869,416
869,473
869,500
869,574
869,577
869,583
869,605
869,802
869,851
869,914
873,36
873,58
873,59
873,62
873,63
873,129
873,141
873,181
873,196
873,202
873,263
873,311
873,333
873,369
873,403
873,405
873,416
873,419
873,450
873,512
873,522
873,542
873,583
873,605
873,611
873,679
873,806
873,813
873,851
873,861
873,884
876,34
876,36
876,60
876,94
876,129
876,247
876,263
876,304
876,345
876,387
876,409
876,412
876,428
876,473
876,500
876,574
876,577
876,583
876,605
876,797
876,851
876,917
879,23
879,33
879,34
879,36
879,38
879,63
879,70
879,89
879,91
879,157
879,200
879,205
879,249
879,263
879,276
879,280
879,282
879,317
879,341
879,350
879,414
879,416
879,428
879,430
879,442
879,444
879,479
879,523
879,555
879,583
879,667
879,707
879,776
879,796
879,851
879,916
880,5
880,9
880,21
880,23
880,25
880,33
880,34
880,53
880,63
880,83
880,84
880,85
880,87
880,89
880,126
880,157
880,173
880,200
880,231
880,246
880,263
880,317
880,332
880,337
880,350
880,365
880,406
880,407
880,414
880,416
880,422
880,424
880,435
880,444
880,496
880,523
880,525
880,528
880,667
880,693
880,707
880,754
880,784
881,5
881,9
881,21
881,25
881,34
881,56
881,57
881,58
881,59
881,63
881,84
881,85
881,87
881,157
881,173
881,181
881,196
881,231
881,246
881,263
881,304
881,317
881,333
881,350
881,365
881,371
881,416
881,419
881,422
881,423
881,435
881,444
881,496
881,497
881,523
881,528
881,556
881,573
881,707
881,754
882,23
882,25
882,33
882,34
882,44
882,55
882,56
882,57
882,63
882,89
882,127
882,141
882,157
882,173
882,200
882,225
882,242
882,246
882,250
882,263
882,291
882,317
882,350
882,362
882,406
882,407
882,414
882,416
882,423
882,428
882,442
882,444
882,496
882,503
882,523
882,693
882,706
882,707
882,710
882,755
883,34
883,44
883,55
883,56
883,57
883,58
883,59
883,63
883,127
883,157
883,173
883,181
883,196
883,242
883,246
883,250
883,263
883,291
883,317
883,333
883,350
883,362
883,416
883,419
883,423
883,428
883,442
883,444
883,496
883,556
883,573
883,706
883,710
883,755
884,34
884,36
884,38
884,63
884,76
884,85
884,87
884,157
884,200
884,232
884,249
884,263
884,280
884,317
884,337
884,399
884,406
884,416
884,430
884,434
884,442
884,444
884,492
884,525
884,555
884,776
884,784
884,796
884,851
887,19
887,34
887,36
887,38
887,44
887,53
887,56
887,57
887,63
887,76
887,85
887,87
887,98
887,126
887,129
887,168
887,200
887,225
887,247
887,263
887,310
887,337
887,369
887,372
887,387
887,406
887,407
887,416
887,434
887,458
887,506
887,512
887,525
887,566
887,611
887,706
887,751
887,784
887,851
887,884
888,34
888,36
888,44
888,63
888,91
888,98
888,129
888,163
888,206
888,232
888,242
888,263
888,280
888,304
888,370
888,398
888,403
888,411
888,416
888,422
888,423
888,424
888,430
888,442
888,528
888,533
888,555
888,583
888,585
888,605
888,669
888,706
888,796
888,851
888,885
889,34
889,36
889,44
889,63
889,76
889,91
889,98
889,129
889,163
889,232
889,242
889,263
889,280
889,304
889,370
889,411
889,416
889,422
889,423
889,424
889,430
889,442
889,444
889,528
889,555
889,583
889,585
889,605
889,706
889,776
889,796
889,851
889,885
890,19
890,34
890,36
890,53
890,63
890,76
890,83
890,126
890,188
890,200
890,247
890,263
890,342
890,398
890,406
890,416
890,430
890,434
890,440
890,441
890,474
890,482
890,525
890,744
890,800
890,851
892,7
892,8
892,9
892,29
892,34
892,36
892,38
892,91
892,129
892,157
892,206
892,223
892,232
892,242
892,249
892,263
892,264
892,280
892,317
892,332
892,369
892,370
892,389
892,396
892,398
892,399
892,409
892,411
892,416
892,428
892,442
892,444
892,490
892,492
892,512
892,555
892,675
892,776
892,808
892,817
892,851
892,885
893,10
893,20
893,22
893,34
893,36
893,37
893,38
893,44
893,63
893,76
893,91
893,129
893,154
893,157
893,168
893,202
893,242
893,263
893,264
893,280
893,282
893,304
893,317
893,331
893,332
893,341
893,345
893,359
893,369
893,370
893,399
893,402
893,409
893,412
893,416
893,437
893,438
893,490
893,512
893,555
893,572
893,669
893,675
893,707
893,803
893,808
893,851
893,885
894,34
894,36
894,37
894,63
894,84
894,85
894,87
894,129
894,153
894,192
894,229
894,245
894,246
894,263
894,351
894,416
894,451
894,512
894,521
894,527
894,528
894,819
894,851
894,916
895,34
895,36
895,37
895,44
895,63
895,89
895,129
895,153
895,200
895,225
895,239
895,242
895,246
895,263
895,337
895,359
895,406
895,414
895,416
895,422
895,423
895,424
895,434
895,784
895,799
895,820
895,851
896,23
896,24
896,33
896,34
896,36
896,37
896,38
896,58
896,59
896,63
896,196
896,200
896,242
896,263
896,341
896,370
896,416
896,419
896,428
896,523
896,555
896,556
896,667
896,675
896,684
896,707
896,776
896,808
896,851
896,885
897,23
897,24
897,33
897,34
897,36
897,37
897,38
897,63
897,94
897,129
897,242
897,247
897,263
897,341
897,399
897,416
897,492
897,506
897,523
897,555
897,566
897,577
897,707
897,808
897,809
897,851
898,1
898,36
898,60
898,63
898,72
898,76
898,93
898,94
898,129
898,202
898,248
898,263
898,331
898,341
898,345
898,402
898,412
898,416
898,428
898,437
898,473
898,500
898,555
898,577
898,669
898,676
898,776
898,797
898,851
899,23
899,33
899,34
899,36
899,38
899,60
899,63
899,76
899,85
899,87
899,89
899,91
899,94
899,129
899,168
899,224
899,247
899,248
899,253
899,263
899,310
899,412
899,414
899,416
899,428
899,451
899,473
899,500
899,523
899,528
899,667
899,675
899,679
899,797
899,828
899,851
899,885
899,917
900,15
900,36
900,38
900,63
900,98
900,99
900,129
900,130
900,157
900,163
900,168
900,206
900,210
900,263
900,280
900,314
900,317
900,332
900,350
900,369
900,370
900,403
900,404
900,405
900,410
900,416
900,444
900,450
900,458
900,479
900,512
900,522
900,679
900,806
900,814
900,830
900,851
900,884
900,885
901,7
901,8
901,9
901,10
901,34
901,36
901,37
901,38
901,63
901,89
901,91
901,122
901,129
901,154
901,157
901,163
901,168
901,173
901,232
901,242
901,253
901,263
901,264
901,280
901,304
901,317
901,332
901,343
901,359
901,370
901,371
901,402
901,409
901,410
901,414
901,416
901,419
901,421
901,441
901,444
901,479
901,523
901,583
901,667
901,675
901,707
901,776
901,838
901,851
901,885
901,916
902,29
902,33
902,36
902,37
902,38
902,44
902,55
902,56
902,57
902,58
902,59
902,63
902,127
902,129
902,196
902,200
902,242
902,247
902,250
902,253
902,263
902,330
902,341
902,352
902,416
902,423
902,428
902,453
902,457
902,506
902,566
902,706
902,710
902,799
902,812
902,834
902,851
902,886
903,7
903,8
903,10
903,36
903,57
903,58
903,59
903,63
903,91
903,98
903,129
903,154
903,157
903,163
903,168
903,188
903,196
903,206
903,232
903,247
903,249
903,263
903,264
903,280
903,282
903,317
903,332
903,333
903,342
903,352
903,369
903,370
903,398
903,399
903,404
903,410
903,411
903,416
903,419
903,421
903,441
903,474
903,482
903,490
903,491
903,492
903,512
903,555
903,675
903,808
903,813
903,827
903,851
903,885
903,918
904,33
904,36
904,38
904,40
904,42
904,44
904,55
904,56
904,57
904,58
904,59
904,63
904,127
904,129
904,188
904,196
904,242
904,247
904,250
904,263
904,341
904,342
904,352
904,362
904,398
904,399
904,401
904,416
904,441
904,474
904,482
904,491
904,506
904,565
904,675
904,684
904,710
904,799
904,808
904,812
904,839
904,851
904,886
905,19
905,34
905,36
905,63
905,94
905,188
905,200
905,239
905,253
905,263
905,276
905,310
905,311
905,326
905,411
905,414
905,416
905,428
905,442
905,574
905,577
905,583
905,584
905,585
905,595
905,605
905,802
905,831
905,851
905,914
908,9
908,10
908,36
908,44
908,63
908,76
908,98
908,129
908,163
908,168
908,189
908,202
908,247
908,263
908,280
908,282
908,331
908,332
908,338
908,345
908,369
908,396
908,399
908,400
908,402
908,408
908,412
908,416
908,421
908,437
908,490
908,492
908,512
908,520
908,572
908,574
908,583
908,670
908,675
908,676
908,803
908,808
908,813
908,851
908,870
908,885
908,886
911,33
911,34
911,36
911,44
911,52
911,53
911,63
911,76
911,83
911,89
911,91
911,122
911,126
911,189
911,200
911,242
911,247
911,257
911,263
911,304
911,307
911,315
911,394
911,402
911,414
911,416
911,421
911,422
911,424
911,428
911,488
911,496
911,506
911,510
911,519
911,555
911,574
911,707
911,809
911,815
911,851
911,871
911,914
911,915
914,1
914,17
914,25
914,36
914,55
914,56
914,57
914,63
914,129
914,196
914,250
914,263
914,280
914,282
914,308
914,314
914,332
914,352
914,369
914,370
914,403
914,413
914,416
914,453
914,458
914,490
914,512
914,518
914,542
914,574
914,710
914,812
914,813
914,834
914,851
914,861
914,872
914,886
914,895
914,918
916,29
916,33
916,34
916,36
916,38
916,63
916,91
916,168
916,189
916,253
916,263
916,304
916,331
916,341
916,343
916,402
916,412
916,414
916,416
916,428
916,442
916,497
916,523
916,562
916,574
916,583
916,667
916,707
916,776
916,808
916,851
916,885
916,886
923,7
923,8
923,9
923,10
923,21
923,36
923,38
923,44
923,63
923,84
923,85
923,87
923,91
923,98
923,129
923,168
923,209
923,232
923,242
923,263
923,264
923,280
923,282
923,292
923,317
923,370
923,402
923,411
923,416
923,422
923,435
923,451
923,490
923,521
923,527
923,528
923,583
923,609
923,675
923,776
923,851
923,892
923,916
923,918
927,33
927,34
927,36
927,38
927,44
927,63
927,91
927,122
927,189
927,242
927,263
927,341
927,343
927,387
927,416
927,422
927,423
927,424
927,555
927,577
927,583
927,605
927,706
927,707
927,776
927,851
927,885
927,914
930,33
930,63
930,71
930,72
930,75
930,76
930,80
930,129
930,202
930,263
930,304
930,311
930,331
930,345
930,402
930,412
930,414
930,416
930,437
930,572
930,605
930,669
930,676
930,805
930,851
930,885
930,914
934,7
934,8
934,9
934,29
934,33
934,34
934,36
934,38
934,63
934,88
934,89
934,91
934,153
934,157
934,263
934,264
934,280
934,317
934,341
934,350
934,359
934,408
934,414
934,416
934,419
934,428
934,430
934,442
934,444
934,479
934,523
934,707
934,776
934,800
934,851
934,864
936,36
936,52
936,53
936,60
936,76
936,83
936,94
936,126
936,247
936,257
936,263
936,310
936,311
936,315
936,394
936,396
936,399
936,406
936,411
936,412
936,430
936,436
936,473
936,488
936,491
936,499
936,500
936,510
936,595
936,797
936,800
936,815
936,851
936,890
937,36
937,52
937,53
937,83
937,126
937,206
937,247
937,257
937,263
937,280
937,310
937,315
937,337
937,370
937,394
937,398
937,404
937,410
937,421
937,427
937,436
937,442
937,488
937,499
937,500
937,506
937,510
937,566
937,669
937,675
937,809
937,851
937,891
939,33
939,55
939,63
939,84
939,85
939,87
939,129
939,189
939,192
939,209
939,304
939,311
939,330
939,341
939,352
939,389
939,416
939,435
939,451
939,491
939,521
939,527
939,528
939,851
939,886
939,916
941,19
941,36
941,63
941,64
941,84
941,85
941,87
941,98
941,129
941,209
941,253
941,263
941,311
941,314
941,332
941,365
941,369
941,403
941,413
941,416
941,435
941,451
941,512
941,521
941,527
941,528
941,542
941,814
941,851
941,916
943,29
943,33
943,34
943,36
943,38
943,44
943,63
943,91
943,122
943,168
943,200
943,242
943,263
943,304
943,371
943,399
943,416
943,422
943,423
943,424
943,528
943,555
943,583
943,706
943,746
943,808
943,851
943,885
943,894
945,10
945,36
945,38
945,44
945,91
945,154
945,163
945,168
945,188
945,189
945,263
945,282
945,305
945,341
945,342
945,369
945,398
945,404
945,416
945,421
945,441
945,474
945,482
945,490
945,491
945,492
945,512
945,675
945,806
945,851
945,884
945,885
947,63
947,71
947,72
947,76
947,168
947,202
947,205
947,229
947,247
947,263
947,310
947,331
947,402
947,412
947,416
947,437
947,438
947,506
947,566
947,611
947,803
947,806
947,809
947,851
947,884
947,885
949,33
949,35
949,63
949,71
949,72
949,76
949,129
949,188
949,189
949,202
949,282
949,331
949,341
949,345
949,402
949,412
949,414
949,416
949,430
949,437
949,438
949,474
949,491
949,492
949,506
949,605
949,679
949,803
949,806
949,851
949,885
952,29
952,36
952,44
952,53
952,63
952,75
952,76
952,126
952,168
952,202
952,242
952,263
952,315
952,331
952,345
952,402
952,412
952,416
952,424
952,428
952,437
952,670
952,707
952,803
952,807
952,808
952,851
952,885
952,915
956,34
956,36
956,38
956,60
956,63
956,64
956,65
956,93
956,94
956,98
956,129
956,168
956,189
956,247
956,253
956,263
956,304
956,332
956,365
956,369
956,387
956,402
956,412
956,413
956,416
956,428
956,430
956,473
956,492
956,500
956,506
956,574
956,605
956,797
956,851
956,855
956,884
959,21
959,157
959,168
959,232
959,249
959,252
959,263
959,280
959,282
959,310
959,317
959,343
959,430
959,444
959,479
959,492
959,523
959,577
959,583
959,584
959,693
959,796
959,806
959,851
959,884
959,893
962,17
962,19
962,36
962,63
962,64
962,88
962,157
962,168
962,196
962,257
962,263
962,282
962,304
962,314
962,317
962,332
962,350
962,365
962,369
962,371
962,399
962,403
962,408
962,413
962,416
962,444
962,492
962,512
962,529
962,542
962,555
962,808
962,814
962,851
966,29
966,34
966,36
966,38
966,63
966,122
966,123
966,124
966,168
966,188
966,253
966,263
966,315
966,372
966,398
966,416
966,428
966,430
966,441
966,442
966,474
966,482
966,491
966,523
966,667
966,796
966,808
966,851
966,859
966,915
967,33
967,34
967,36
967,38
967,44
967,63
967,85
967,98
967,168
967,189
967,200
967,229
967,242
967,253
967,263
967,282
967,304
967,315
967,332
967,337
967,341
967,369
967,406
967,407
967,416
967,422
967,424
967,434
967,442
967,512
967,525
967,528
967,784
967,799
967,851
967,861
967,885
967,915
967,916
968,33
968,34
968,35
968,36
968,38
968,63
968,89
968,91
968,157
968,189
968,231
968,263
968,317
968,328
968,341
968,350
968,414
968,416
968,430
968,442
968,479
968,523
968,667
968,707
968,776
968,796
968,851
970,63
970,76
970,88
970,120
970,157
970,188
970,246
970,263
970,317
970,328
970,341
970,350
970,408
970,412
970,414
970,416
970,430
970,441
970,444
970,474
970,479
970,482
970,491
970,605
970,800
970,851
970,866
972,29
972,33
972,36
972,38
972,44
972,63
972,91
972,122
972,168
972,189
972,242
972,247
972,253
972,263
972,341
972,416
972,422
972,423
972,424
972,506
972,523
972,555
972,566
972,583
972,706
972,707
972,776
972,809
972,851
972,854
973,17
973,19
973,24
973,25
973,36
973,63
973,64
973,168
973,263
973,314
973,332
973,352
973,364
973,369
973,370
973,371
973,403
973,413
973,416
973,490
973,512
973,542
973,675
973,679
973,710
973,814
973,851
973,884
973,886
973,918
975,8
975,33
975,34
975,36
975,38
975,58
975,59
975,63
975,89
975,181
975,196
975,263
975,282
975,304
975,333
975,340
975,352
975,416
975,419
975,420
975,423
975,497
975,523
975,583
975,667
975,707
975,710
975,776
975,851
975,861
975,886
976,33
976,34
976,36
976,38
976,56
976,57
976,58
976,59
976,63
976,94
976,127
976,163
976,196
976,242
976,352
976,365
976,400
976,416
976,423
976,427
976,428
976,453
976,500
976,529
976,706
976,710
976,797
976,799
976,812
976,851
976,886
976,895
977,33
977,34
977,36
977,38
977,55
977,56
977,57
977,63
977,89
977,127
977,157
977,200
977,242
977,263
977,291
977,352
977,401
977,416
977,419
977,423
977,428
977,523
977,707
977,710
977,776
977,834
977,851
977,856
977,886
978,36
978,55
978,56
978,57
978,63
978,196
978,200
978,250
978,263
978,330
978,352
978,406
978,416
978,434
978,679
978,851
978,886
979,2
979,5
979,6
979,7
979,8
979,9
979,10
979,25
979,34
979,36
979,37
979,38
979,63
979,66
979,70
979,85
979,87
979,89
979,91
979,99
979,129
979,130
979,154
979,157
979,168
979,200
979,238
979,247
979,253
979,263
979,264
979,280
979,315
979,317
979,325
979,369
979,370
979,372
979,398
979,402
979,409
979,410
979,411
979,416
979,421
979,441
979,444
979,479
979,490
979,512
979,523
979,566
979,675
979,707
979,808
979,889
981,23
981,33
981,34
981,36
981,38
981,60
981,63
981,85
981,87
981,89
981,93
981,94
981,129
981,168
981,242
981,247
981,248
981,253
981,263
981,304
981,310
981,372
981,412
981,416
981,428
981,442
981,451
981,458
981,473
981,492
981,500
981,523
981,605
981,667
981,706
981,707
981,797
981,851
981,885
981,888
981,917
982,34
982,36
982,38
982,53
982,58
982,59
982,63
982,76
982,85
982,87
982,89
982,91
982,126
982,157
982,168
982,189
982,200
982,205
982,246
982,247
982,253
982,263
982,304
982,317
982,341
982,342
982,398
982,403
982,407
982,414
982,416
982,428
982,444
982,500
982,506
982,523
982,525
982,528
982,529
982,542
982,586
982,675
982,679
982,684
982,707
982,776
982,784
982,799
982,806
982,814
982,851
982,861
982,884
982,886
982,887
983,10
983,36
983,63
983,91
983,163
983,168
983,206
983,210
983,232
983,263
983,280
983,317
983,332
983,372
983,398
983,399
983,400
983,403
983,404
983,411
983,416
983,421
983,428
983,430
983,442
983,444
983,490
983,492
983,514
983,555
983,675
983,796
983,808
983,851
983,869
984,30
984,34
984,36
984,38
984,63
984,89
984,91
984,157
984,189
984,205
984,224
984,229
984,263
984,280
984,282
984,317
984,341
984,370
984,414
984,416
984,422
984,423
984,424
984,428
984,430
984,442
984,444
984,457
984,473
984,479
984,523
984,583
984,667
984,675
984,684
984,707
984,776
984,838
984,851
984,861
984,915
984,916
985,1
985,7
985,8
985,9
985,34
985,36
985,38
985,44
985,53
985,58
985,59
985,60
985,63
985,85
985,87
985,91
985,94
985,126
985,242
985,253
985,263
985,304
985,317
985,352
985,409
985,411
985,416
985,422
985,423
985,424
985,428
985,473
985,500
985,583
985,586
985,605
985,706
985,707
985,797
985,802
985,851
985,917
986,34
986,37
986,38
986,63
986,71
986,72
986,76
986,168
986,200
986,202
986,242
986,263
986,310
986,331
986,345
986,370
986,371
986,389
986,399
986,402
986,412
986,414
986,416
986,428
986,437
986,474
986,499
986,506
986,676
986,707
986,776
986,808
986,851
986,885
987,60
987,63
987,85
987,87
987,129
987,196
987,247
987,304
987,310
987,345
987,399
987,408
987,412
987,416
987,451
987,473
987,500
987,506
987,566
987,574
987,577
987,585
987,595
987,605
987,809
987,851
988,16
988,23
988,34
988,36
988,37
988,38
988,52
988,63
988,89
988,141
988,202
988,257
988,263
988,276
988,280
988,332
988,369
988,370
988,394
988,405
988,416
988,428
988,450
988,488
988,490
988,512
988,528
988,542
988,660
988,667
988,679
988,707
988,776
988,806
988,814
988,851
988,885
988,915
989,34
989,36
989,63
989,84
989,85
989,87
989,89
989,129
989,161
989,192
989,209
989,263
989,328
989,341
989,408
989,414
989,416
989,430
989,435
989,451
989,521
989,523
989,527
989,528
989,667
989,707
989,776
989,815
989,851
989,916
990,30
990,34
990,36
990,38
990,63
990,87
990,89
990,157
990,189
990,205
990,224
990,229
990,263
990,282
990,317
990,341
990,414
990,416
990,422
990,423
990,428
990,430
990,442
990,444
990,521
990,523
990,528
990,667
990,684
990,707
990,776
990,796
990,798
990,851
990,861
990,916
991,8
991,34
991,36
991,56
991,58
991,59
991,63
991,65
991,129
991,168
991,181
991,196
991,250
991,263
991,314
991,352
991,369
991,416
991,419
991,512
991,573
991,583
991,812
991,851
991,861
991,886
992,7
992,8
992,9
992,21
992,33
992,34
992,36
992,38
992,63
992,85
992,87
992,89
992,157
992,252
992,263
992,264
992,280
992,292
992,317
992,370
992,395
992,409
992,411
992,416
992,442
992,490
992,521
992,523
992,528
992,583
992,707
992,776
992,851
992,916
993,19
993,34
993,36
993,38
993,53
993,56
993,63
993,126
993,161
993,200
993,225
993,242
993,257
993,263
993,282
993,304
993,314
993,317
993,369
993,372
993,399
993,403
993,406
993,411
993,414
993,416
993,424
993,428
993,430
993,442
993,451
993,512
993,525
993,542
993,555
993,675
993,800
993,808
993,814
993,851
994,16
994,36
994,52
994,53
994,63
994,76
994,83
994,94
994,126
994,129
994,257
994,263
994,315
994,369
994,394
994,403
994,405
994,412
994,416
994,430
994,435
994,451
994,474
994,482
994,488
994,491
994,512
994,522
994,542
994,552
994,605
994,679
994,800
994,851
994,884
995,7
995,8
995,9
995,34
995,36
995,38
995,42
995,44
995,53
995,58
995,59
995,63
995,85
995,87
995,88
995,89
995,91
995,126
995,157
995,232
995,242
995,263
995,280
995,317
995,328
995,337
995,350
995,408
995,411
995,414
995,416
995,422
995,423
995,424
995,442
995,444
995,451
995,479
995,521
995,523
995,525
995,527
995,528
995,555
995,667
995,707
995,776
995,784
995,800
995,851
995,916
998,33
998,34
998,36
998,38
998,44
998,58
998,59
998,63
998,89
998,91
998,196
998,200
998,206
998,225
998,242
998,263
998,280
998,332
998,333
998,337
998,406
998,416
998,419
998,420
998,422
998,423
998,428
998,434
998,442
998,523
998,525
998,556
998,667
998,707
998,776
998,784
998,799
998,851
998,862
1000,9
1000,33
1000,36
1000,63
1000,85
1000,87
1000,94
1000,168
1000,247
1000,264
1000,310
1000,408
1000,411
1000,416
1000,430
1000,442
1000,451
1000,473
1000,490
1000,506
1000,605
1000,796
1000,809
1000,851
1000,874
1001,34
1001,36
1001,63
1001,71
1001,72
1001,76
1001,189
1001,202
1001,263
1001,282
1001,331
1001,341
1001,345
1001,371
1001,399
1001,402
1001,412
1001,416
1001,428
1001,437
1001,438
1001,492
1001,506
1001,555
1001,669
1001,676
1001,776
1001,808
1001,851
1001,877
1001,885
1002,36
1002,59
1002,63
1002,181
1002,196
1002,206
1002,242
1002,263
1002,280
1002,332
1002,371
1002,389
1002,399
1002,400
1002,416
1002,419
1002,420
1002,423
1002,506
1002,512
1002,533
1002,555
1002,556
1002,675
1002,706
1002,808
1002,851
1002,861
1002,877
1003,23
1003,34
1003,36
1003,37
1003,38
1003,63
1003,89
1003,91
1003,157
1003,189
1003,263
1003,317
1003,328
1003,341
1003,371
1003,399
1003,414
1003,416
1003,428
1003,444
1003,506
1003,523
1003,555
1003,675
1003,707
1003,776
1003,808
1003,851
1003,877
1004,36
1004,52
1004,53
1004,63
1004,83
1004,94
1004,126
1004,172
1004,242
1004,257
1004,263
1004,315
1004,340
1004,371
1004,394
1004,399
1004,416
1004,428
1004,436
1004,488
1004,506
1004,510
1004,517
1004,555
1004,807
1004,808
1004,851
1004,877
1004,915
1005,19
1005,29
1005,34
1005,36
1005,38
1005,44
1005,53
1005,56
1005,63
1005,83
1005,89
1005,91
1005,126
1005,157
1005,200
1005,225
1005,232
1005,242
1005,257
1005,263
1005,280
1005,282
1005,304
1005,332
1005,337
1005,369
1005,399
1005,400
1005,403
1005,404
1005,406
1005,407
1005,416
1005,421
1005,422
1005,424
1005,428
1005,434
1005,442
1005,444
1005,510
1005,512
1005,525
1005,542
1005,555
1005,675
1005,707
1005,776
1005,784
1005,799
1005,808
1005,851
1006,7
1006,8
1006,9
1006,60
1006,63
1006,85
1006,94
1006,129
1006,196
1006,206
1006,210
1006,247
1006,248
1006,280
1006,282
1006,304
1006,332
1006,345
1006,348
1006,364
1006,370
1006,396
1006,398
1006,400
1006,404
1006,409
1006,410
1006,411
1006,412
1006,416
1006,421
1006,425
1006,427
1006,428
1006,451
1006,473
1006,500
1006,506
1006,585
1006,605
1006,675
1006,710
1006,789
1006,797
1006,851
1007,34
1007,36
1007,38
1007,53
1007,63
1007,76
1007,83
1007,91
1007,126
1007,189
1007,200
1007,242
1007,246
1007,249
1007,253
1007,257
1007,263
1007,264
1007,280
1007,315
1007,337
1007,341
1007,369
1007,370
1007,394
1007,406
1007,409
1007,411
1007,416
1007,421
1007,422
1007,423
1007,424
1007,428
1007,434
1007,442
1007,488
1007,490
1007,512
1007,523
1007,525
1007,528
1007,555
1007,707
1007,776
1007,784
1007,799
1007,800
1007,814
1007,851
1007,878
1007,915
1008,34
1008,36
1008,63
1008,76
1008,84
1008,85
1008,87
1008,200
1008,225
1008,242
1008,263
1008,315
1008,337
1008,351
1008,369
1008,406
1008,408
1008,416
1008,428
1008,430
1008,434
1008,435
1008,451
1008,512
1008,521
1008,525
1008,528
1008,555
1008,570
1008,605
1008,851
1008,879
1008,916
1009,34
1009,36
1009,38
1009,44
1009,53
1009,56
1009,57
1009,63
1009,127
1009,129
1009,200
1009,225
1009,239
1009,242
1009,250
1009,263
1009,282
1009,311
1009,337
1009,341
1009,352
1009,406
1009,407
1009,416
1009,424
1009,434
1009,453
1009,503
1009,542
1009,555
1009,710
1009,784
1009,812
1009,851
1009,876
1009,886
1010,36
1010,38
1010,63
1010,76
1010,98
1010,129
1010,202
1010,206
1010,224
1010,263
1010,280
1010,332
1010,345
1010,348
1010,370
1010,400
1010,403
1010,404
1010,411
1010,412
1010,416
1010,437
1010,514
1010,528
1010,533
1010,669
1010,675
1010,684
1010,851
1010,875
1010,885
1011,34
1011,36
1011,63
1011,76
1011,200
1011,202
1011,225
1011,263
1011,310
1011,331
1011,402
1011,406
1011,412
1011,416
1011,434
1011,437
1011,450
1011,458
1011,525
1011,676
1011,803
1011,851
1011,884
1011,903
1013,63
1013,71
1013,72
1013,76
1013,202
1013,247
1013,253
1013,310
1013,345
1013,412
1013,437
1013,492
1013,503
1013,506
1013,566
1013,809
1013,851
1013,902
1014,7
1014,8
1014,9
1014,34
1014,36
1014,38
1014,44
1014,63
1014,91
1014,168
1014,188
1014,200
1014,232
1014,242
1014,253
1014,263
1014,264
1014,276
1014,280
1014,282
1014,305
1014,317
1014,342
1014,370
1014,395
1014,398
1014,409
1014,411
1014,416
1014,421
1014,422
1014,423
1014,424
1014,441
1014,442
1014,482
1014,490
1014,555
1014,667
1014,675
1014,693
1014,706
1014,707
1014,776
1014,808
1014,851
1014,918
1015,10
1015,60
1015,63
1015,93
1015,94
1015,129
1015,168
1015,188
1015,189
1015,247
1015,248
1015,252
1015,253
1015,263
1015,369
1015,398
1015,411
1015,416
1015,421
1015,441
1015,473
1015,474
1015,482
1015,491
1015,499
1015,500
1015,506
1015,808
1015,809
1015,851
1015,885
1015,917
1016,17
1016,19
1016,24
1016,36
1016,63
1016,64
1016,98
1016,129
1016,168
1016,188
1016,196
1016,247
1016,253
1016,257
1016,263
1016,314
1016,332
1016,342
1016,369
1016,398
1016,399
1016,403
1016,413
1016,416
1016,421
1016,440
1016,441
1016,474
1016,491
1016,506
1016,512
1016,541
1016,542
1016,574
1016,583
1016,585
1016,605
1016,808
1016,814
1016,851
1016,914
1017,21
1017,22
1017,36
1017,76
1017,98
1017,202
1017,206
1017,263
1017,276
1017,280
1017,282
1017,317
1017,331
1017,345
1017,369
1017,402
1017,412
1017,416
1017,428
1017,437
1017,438
1017,452
1017,490
1017,583
1017,669
1017,675
1017,707
1017,803
1017,808
1017,851
1017,885
1017,904
1018,34
1018,36
1018,38
1018,63
1018,76
1018,85
1018,87
1018,89
1018,157
1018,200
1018,232
1018,249
1018,263
1018,280
1018,317
1018,337
1018,396
1018,399
1018,406
1018,416
1018,430
1018,434
1018,442
1018,444
1018,479
1018,492
1018,525
1018,555
1018,776
1018,784
1018,796
1018,800
1018,851
1018,905
1019,34
1019,36
1019,38
1019,56
1019,63
1019,76
1019,89
1019,200
1019,202
1019,225
1019,253
1019,263
1019,310
1019,331
1019,345
1019,402
1019,406
1019,412
1019,414
1019,416
1019,434
1019,437
1019,438
1019,450
1019,458
1019,525
1019,676
1019,776
1019,784
1019,803
1019,851
1019,884
1019,903
1019,907
1020,23
1020,34
1020,36
1020,38
1020,44
1020,53
1020,63
1020,83
1020,89
1020,126
1020,200
1020,242
1020,257
1020,263
1020,306
1020,311
1020,315
1020,337
1020,394
1020,406
1020,407
1020,416
1020,422
1020,424
1020,434
1020,436
1020,442
1020,444
1020,488
1020,510
1020,523
1020,525
1020,555
1020,684
1020,706
1020,707
1020,784
1020,799
1020,815
1020,833
1020,851
1020,915
1021,23
1021,34
1021,36
1021,38
1021,63
1021,76
1021,85
1021,87
1021,89
1021,192
1021,200
1021,225
1021,239
1021,242
1021,263
1021,304
1021,311
1021,351
1021,406
1021,416
1021,422
1021,434
1021,435
1021,451
1021,521
1021,525
1021,527
1021,528
1021,555
1021,692
1021,707
1021,776
1021,784
1021,804
1021,851
1021,909
1021,916
1022,30
1022,34
1022,36
1022,38
1022,63
1022,88
1022,89
1022,94
1022,98
1022,163
1022,224
1022,263
1022,280
1022,317
1022,332
1022,350
1022,370
1022,398
1022,403
1022,404
1022,416
1022,427
1022,428
1022,442
1022,444
1022,473
1022,523
1022,528
1022,533
1022,669
1022,675
1022,800
1022,851
1022,910
1023,34
1023,36
1023,38
1023,63
1023,93
1023,94
1023,163
1023,232
1023,248
1023,263
1023,280
1023,403
1023,404
1023,411
1023,416
1023,427
1023,428
1023,430
1023,442
1023,473
1023,500
1023,521
1023,523
1023,533
1023,669
1023,684
1023,796
1023,797
1023,851
1023,911
1023,916
1023,917
1025,123
1025,188
1025,247
1025,310
1025,441
1025,474
1025,482
1025,491
1025,492
1025,506
1025,566
1025,809
1025,851
1025,919
